author,board,category,datetime,project,rtrv_date,server,spider,title,url
dlam002,ARCHER2234,,ARCHER2234,PTTweb,"[datetime.datetime(2020, 5, 5, 21, 29, 14, 96174)]",ASUS-PC,PTT,kaodio,https://www.ptt.cc/bbs/Gossiping/M.1588288876.A.14C.html
GenghisKhan (館長用朕名號 請付費),Gossiping,[新聞],Tue May  5 21:28:12 2020,PTTweb,"[datetime.datetime(2020, 5, 5, 21, 29, 14, 174174)]",ASUS-PC,PTT,[新聞] 罷韓批高市府雙標 他PO一張照打臉,https://www.ptt.cc/bbs/Gossiping/M.1588685295.A.BE4.html
CenaC (王葛格加油!!),Gossiping,Re,Tue May  5 21:28:27 2020,PTTweb,"[datetime.datetime(2020, 5, 5, 21, 29, 14, 189774)]",ASUS-PC,PTT,Re: [問卦] 五十人眾真的這麼好笑?,https://www.ptt.cc/bbs/Gossiping/M.1588685309.A.47C.html
SaintSeven (我喜歡妳),Gossiping,[問卦],Tue May  5 21:28:13 2020,PTTweb,"[datetime.datetime(2020, 5, 5, 21, 29, 14, 205374)]",ASUS-PC,PTT,[問卦] 吃麵時絕對不能聽笑話？,https://www.ptt.cc/bbs/Gossiping/M.1588685297.A.8BE.html
XperiaZ (XperiaZ),Gossiping,[問卦],Tue May  5 21:28:14 2020,PTTweb,"[datetime.datetime(2020, 5, 5, 21, 29, 14, 267773)]",ASUS-PC,PTT,[問卦] 有人走進月台的柱子了怎麼辦,https://www.ptt.cc/bbs/Gossiping/M.1588685297.A.6F6.html
seabox (盒盒),Gossiping,[公告],Tue Apr 21 00:01:01 2020,PTTweb,"[datetime.datetime(2020, 5, 5, 21, 29, 14, 267773)]",ASUS-PC,PTT,[公告] 八卦板板規(2020.04.21),https://www.ptt.cc/bbs/Gossiping/M.1587398464.A.ABC.html
kuro (垃圾不分藍綠),Gossiping,[新聞],Tue May  5 21:26:39 2020,PTTweb,"[datetime.datetime(2020, 5, 5, 21, 29, 14, 470572)]",ASUS-PC,PTT,[新聞] 北京疫情防控「常態化」  台灣人逐漸返回,https://www.ptt.cc/bbs/Gossiping/M.1588685203.A.2E0.html
wa88 (DayAndNight),Gossiping,[問卦],Tue May  5 21:26:26 2020,PTTweb,"[datetime.datetime(2020, 5, 5, 21, 29, 14, 470572)]",ASUS-PC,PTT,[問卦] 如何獲得公法上的特別救助 成為工友?,https://www.ptt.cc/bbs/Gossiping/M.1588685191.A.B1B.html
zz71 (zz71),Gossiping,[問卦],Tue May  5 21:26:52 2020,PTTweb,"[datetime.datetime(2020, 5, 5, 21, 29, 14, 517372)]",ASUS-PC,PTT,[問卦] 乃木坂 一二期生才是最棒的對吧,https://www.ptt.cc/bbs/Gossiping/M.1588685217.A.2F0.html
KKmex (麥克斯),Gossiping,[新聞],Tue May  5 21:27:17 2020,PTTweb,"[datetime.datetime(2020, 5, 5, 21, 29, 14, 517372)]",ASUS-PC,PTT,[新聞] 北市中山區民宅疑電線走火 一旁餐廳緊急,https://www.ptt.cc/bbs/Gossiping/M.1588685239.A.327.html
ato0715 (熊),Gossiping,Re,Tue May  5 21:27:34 2020,PTTweb,"[datetime.datetime(2020, 5, 5, 21, 29, 14, 548571)]",ASUS-PC,PTT,Re: [問卦] 3000元對你來說很多嗎？,https://www.ptt.cc/bbs/Gossiping/M.1588685256.A.325.html
haijin (),Gossiping,[新聞],Tue May  5 21:25:37 2020,PTTweb,"[datetime.datetime(2020, 5, 5, 21, 29, 14, 548571)]",ASUS-PC,PTT,[新聞]  巴西軍方罕見聲明 履行憲法使命支持民主,https://www.ptt.cc/bbs/Gossiping/M.1588685139.A.DFA.html
peacekeeper (驟雨),Gossiping,[問卦],Tue May  5 21:22:17 2020,PTTweb,"[datetime.datetime(2020, 5, 5, 21, 29, 14, 595371)]",ASUS-PC,PTT,[問卦] 國小校長在軍中大概是什麼等級？,https://www.ptt.cc/bbs/Gossiping/M.1588684939.A.861.html
UbaldJimenez (Uball),Gossiping,[問卦],Tue May  5 21:23:42 2020,PTTweb,"[datetime.datetime(2020, 5, 5, 21, 29, 14, 595371)]",ASUS-PC,PTT,[問卦] 中九億的話，你敢離婚嗎？,https://www.ptt.cc/bbs/Gossiping/M.1588685024.A.BB3.html
KINMENKING (亂世狂刀),Gossiping,Re,Tue May  5 21:23:48 2020,PTTweb,"[datetime.datetime(2020, 5, 5, 21, 29, 14, 610971)]",ASUS-PC,PTT,Re: [新聞] 高雄水情再創21年最枯紀錄 週四起啓動夜,https://www.ptt.cc/bbs/Gossiping/M.1588685030.A.BAE.html
anper (鏡中人),Gossiping,[新聞],Tue May  5 21:21:37 2020,PTTweb,"[datetime.datetime(2020, 5, 5, 21, 29, 14, 626571)]",ASUS-PC,PTT,[新聞] 中國奧運選手孫楊向瑞士最高法院上訴,https://www.ptt.cc/bbs/Gossiping/M.1588684901.A.D29.html
nodnarb1027 (珍珠鮮奶綠),Gossiping,[問卦],Tue May  5 21:21:40 2020,PTTweb,"[datetime.datetime(2020, 5, 5, 21, 29, 14, 626571)]",ASUS-PC,PTT,[問卦] 第一個決定喝青蛙下蛋的人在想什麼,https://www.ptt.cc/bbs/Gossiping/M.1588684903.A.59D.html
redDest (油油),Gossiping,Re,Tue May  5 21:23:59 2020,PTTweb,"[datetime.datetime(2020, 5, 5, 21, 29, 14, 642171)]",ASUS-PC,PTT,Re: [爆卦] 4月份愛滋新增感染者 異性戀佔5%,https://www.ptt.cc/bbs/Gossiping/M.1588685041.A.067.html
Mesenne (姆咪姆咪),Gossiping,[問卦],Tue May  5 21:21:05 2020,PTTweb,"[datetime.datetime(2020, 5, 5, 21, 29, 14, 657771)]",ASUS-PC,PTT,[問卦] 惡魔貓男如果出週邊會怎樣？,https://www.ptt.cc/bbs/Gossiping/M.1588684867.A.3DD.html
WolfTeacher (狼師),Gossiping,[問卦],Tue May  5 21:26:19 2020,PTTweb,"[datetime.datetime(2020, 5, 5, 21, 29, 14, 657771)]",ASUS-PC,PTT,[問卦] 進度落後為啥很愛講成進度底累?,https://www.ptt.cc/bbs/Gossiping/M.1588685181.A.2CD.html
likeshit (大便般的存在),Gossiping,[問卦],Tue May  5 21:20:41 2020,PTTweb,"[datetime.datetime(2020, 5, 5, 21, 29, 14, 704570)]",ASUS-PC,PTT,[問卦] 知道半島鐵盒放哪裡的都幾歲了？,https://www.ptt.cc/bbs/Gossiping/M.1588684843.A.B56.html
pulato16 (七股哥布林),Gossiping,Re,Tue May  5 21:20:19 2020,PTTweb,"[datetime.datetime(2020, 5, 5, 21, 29, 14, 735770)]",ASUS-PC,PTT,Re: [問卦] 斗內給貝莉莓是盤子嗎?,https://www.ptt.cc/bbs/Gossiping/M.1588684821.A.287.html
choco7 (小幸超可愛),Gossiping,[新聞],Tue May  5 21:20:12 2020,PTTweb,"[datetime.datetime(2020, 5, 5, 21, 29, 14, 735770)]",ASUS-PC,PTT,[新聞] 不再感謝中國 北義擬向中國求償200億歐元,https://www.ptt.cc/bbs/Gossiping/M.1588684815.A.5BD.html
silentknight (清純男),Gossiping,Re,Tue May  5 21:19:35 2020,PTTweb,"[datetime.datetime(2020, 5, 5, 21, 29, 14, 751370)]",ASUS-PC,PTT,Re: [問卦] 後藤真希的youtube都是誰在看？,https://www.ptt.cc/bbs/Gossiping/M.1588684778.A.390.html
papaganono (板版傻傻分不清楚),Gossiping,Re,Tue May  5 21:19:36 2020,PTTweb,"[datetime.datetime(2020, 5, 5, 21, 29, 14, 751370)]",ASUS-PC,PTT,Re: [新聞] 尷尬！柯文哲遠視京華城火災貼文 網酸:隔,https://www.ptt.cc/bbs/Gossiping/M.1588684778.A.D3D.html
wax207 (肥宅中的王子),Gossiping,[問卦],Tue May  5 21:17:58 2020,PTTweb,"[datetime.datetime(2020, 5, 5, 21, 29, 14, 751370)]",ASUS-PC,PTT,[問卦] 台灣人是不是很討厭方向燈啊？,https://www.ptt.cc/bbs/Gossiping/M.1588684680.A.FC7.html
rick102233 (),Gossiping,[爆卦],Tue May  5 21:14:33 2020,PTTweb,"[datetime.datetime(2020, 5, 5, 21, 29, 15, 16568)]",ASUS-PC,PTT,[爆卦] 4月份愛滋新增感染者 異性戀佔5%,https://www.ptt.cc/bbs/Gossiping/M.1588684475.A.9EB.html
aA44320170 (糖糖),Gossiping,[問卦],Tue May  5 21:16:52 2020,PTTweb,"[datetime.datetime(2020, 5, 5, 21, 29, 15, 32168)]",ASUS-PC,PTT,[問卦] 又被台彩騙了 要怎麼調適心情,https://www.ptt.cc/bbs/Gossiping/M.1588684614.A.D77.html
a49061854 (Show me the way),Gossiping,Re,Tue May  5 21:17:29 2020,PTTweb,"[datetime.datetime(2020, 5, 5, 21, 29, 15, 32168)]",ASUS-PC,PTT,Re: [新聞] 外交部駁WHO：UN 2758號決議文 沒提及台灣,https://www.ptt.cc/bbs/Gossiping/M.1588684651.A.B62.html
s035280236 (安安),Gossiping,[問卦],Tue May  5 21:17:37 2020,PTTweb,"[datetime.datetime(2020, 5, 5, 21, 29, 15, 47768)]",ASUS-PC,PTT,[問卦] 有人用過娛樂城優惠網嗎？,https://www.ptt.cc/bbs/Gossiping/M.1588684659.A.568.html
Nodens (大車駕訓班 榮譽教練),Gossiping,[問卦],Tue May  5 21:15:13 2020,PTTweb,"[datetime.datetime(2020, 5, 5, 21, 29, 15, 47768)]",ASUS-PC,PTT,[問卦] 會選擇不要出生嗎？,https://www.ptt.cc/bbs/Gossiping/M.1588684517.A.8FC.html
maybetodo (np),Gossiping,[問卦],Tue May  5 21:15:28 2020,PTTweb,"[datetime.datetime(2020, 5, 5, 21, 29, 15, 110168)]",ASUS-PC,PTT,[問卦] 菜市場賣什麼可以營收好幾萬？,https://www.ptt.cc/bbs/Gossiping/M.1588684530.A.413.html
NINEVEN (Pruzzen),Gossiping,[問卦],Tue May  5 21:17:58 2020,PTTweb,"[datetime.datetime(2020, 5, 5, 21, 29, 15, 110168)]",ASUS-PC,PTT,[問卦] 中國左派青年假日會批判共產黨嗎,https://www.ptt.cc/bbs/Gossiping/M.1588684680.A.733.html
gn1698 (哈哈哈),Gossiping,[問卦],Tue May  5 21:15:29 2020,PTTweb,"[datetime.datetime(2020, 5, 5, 21, 29, 15, 110168)]",ASUS-PC,PTT,[問卦] 楓之谷印象最深刻的活動,https://www.ptt.cc/bbs/Gossiping/M.1588684533.A.EAE.html
luzen (luzen),Gossiping,[問卦],Tue May  5 21:13:53 2020,PTTweb,"[datetime.datetime(2020, 5, 5, 21, 29, 15, 141368)]",ASUS-PC,PTT,[問卦] 這是什摸草,https://www.ptt.cc/bbs/Gossiping/M.1588684435.A.65A.html
shala (沙羅是轉換後的文字檔打m),Gossiping,Re,Tue May  5 21:13:03 2020,PTTweb,"[datetime.datetime(2020, 5, 5, 21, 29, 15, 172567)]",ASUS-PC,PTT,Re: [新聞] 公審再性侵少女 設局閨密自誇：我弟也不,https://www.ptt.cc/bbs/Gossiping/M.1588684386.A.EA8.html
OusakaMegumu (逢坂恵夢),Gossiping,[新聞],Tue May  5 21:13:13 2020,PTTweb,"[datetime.datetime(2020, 5, 5, 21, 29, 15, 172567)]",ASUS-PC,PTT,[新聞]波蘭10日總統大選 疫情威脅恐難如期舉行,https://www.ptt.cc/bbs/Gossiping/M.1588684395.A.E33.html
sofaly (沙發椅),Gossiping,[問卦],Tue May  5 21:11:34 2020,PTTweb,"[datetime.datetime(2020, 5, 5, 21, 29, 15, 188167)]",ASUS-PC,PTT,[問卦] 哆啦a夢 到底有沒有穿衣服,https://www.ptt.cc/bbs/Gossiping/M.1588684296.A.1AA.html
taker627 (你馬英九嗎?),Gossiping,[問卦],Tue May  5 21:12:55 2020,PTTweb,"[datetime.datetime(2020, 5, 5, 21, 29, 15, 188167)]",ASUS-PC,PTT,[問卦] 溫沙拉跟燙青菜是不是87%像？,https://www.ptt.cc/bbs/Gossiping/M.1588684377.A.F76.html
Rin5566 (派屈克),Gossiping,Re,Tue May  5 21:12:06 2020,PTTweb,"[datetime.datetime(2020, 5, 5, 21, 29, 15, 219367)]",ASUS-PC,PTT,Re: [新聞] 背貸款哪有閒錢生小孩？網點出「高房價致,https://www.ptt.cc/bbs/Gossiping/M.1588684328.A.B38.html
moshenisshit (嘻嘻),Gossiping,Re,Tue May  5 21:12:31 2020,PTTweb,"[datetime.datetime(2020, 5, 5, 21, 29, 15, 219367)]",ASUS-PC,PTT,Re: [新聞] 外國男「生殖器比較大」？《通靈》女星揭,https://www.ptt.cc/bbs/Gossiping/M.1588684353.A.892.html
papapapapapa (啪啪啪啪啪啪),Gossiping,[問卦],Tue May  5 21:10:47 2020,PTTweb,"[datetime.datetime(2020, 5, 5, 21, 29, 15, 234967)]",ASUS-PC,PTT,[問卦] 北捷加值機要怎麼啟用Windows,https://www.ptt.cc/bbs/Gossiping/M.1588684249.A.F74.html
keyboardary (威),Gossiping,[問卦],Tue May  5 21:10:46 2020,PTTweb,"[datetime.datetime(2020, 5, 5, 21, 29, 15, 297367)]",ASUS-PC,PTT,[問卦] 請問拿刀砍殺台女要關多久？,https://www.ptt.cc/bbs/Gossiping/M.1588684248.A.14A.html
hsuan1997 (bobocpy),Gossiping,[問卦],Tue May  5 21:10:31 2020,PTTweb,"[datetime.datetime(2020, 5, 5, 21, 29, 15, 312967)]",ASUS-PC,PTT,[問卦] 在學成績跟書面資料的內容哪個更重要？,https://www.ptt.cc/bbs/Gossiping/M.1588684233.A.A9B.html
pp5434 (),Gossiping,[問卦],Tue May  5 21:12:13 2020,PTTweb,"[datetime.datetime(2020, 5, 5, 21, 29, 15, 375366)]",ASUS-PC,PTT,[問卦] 40%的感覺如何?,https://www.ptt.cc/bbs/Gossiping/M.1588684335.A.50B.html
xdbx (羊阿兵),Gossiping,Re,Tue May  5 21:06:25 2020,PTTweb,"[datetime.datetime(2020, 5, 5, 21, 29, 15, 562565)]",ASUS-PC,PTT,Re: [新聞] 蘇貞昌臉書被罵爆！紓困補助「限制一堆」,https://www.ptt.cc/bbs/Gossiping/M.1588683987.A.6F7.html
hhll5566 (忽溜56),Gossiping,[問卦],Tue May  5 21:05:31 2020,PTTweb,"[datetime.datetime(2020, 5, 5, 21, 29, 15, 578165)]",ASUS-PC,PTT,[問卦] 王剛改行唱rap有搞頭嗎,https://www.ptt.cc/bbs/Gossiping/M.1588683934.A.F33.html
timetolove (艾爾不怕西諾),Gossiping,Re,Tue May  5 21:07:17 2020,PTTweb,"[datetime.datetime(2020, 5, 5, 21, 29, 15, 578165)]",ASUS-PC,PTT,Re: [問卦] 中共五年內打台灣機率多少？,https://www.ptt.cc/bbs/Gossiping/M.1588684040.A.2EE.html
saiulbb (#KEEP MLB GREAT!),Gossiping,[新聞],Tue May  5 21:06:53 2020,PTTweb,"[datetime.datetime(2020, 5, 5, 21, 29, 15, 593765)]",ASUS-PC,PTT,[新聞] 無尾熊不用喝水？澳洲研究打破迷思,https://www.ptt.cc/bbs/Gossiping/M.1588684016.A.61E.html
akila08539 (平手友梨奈我老婆),Gossiping,Re,Tue May  5 21:06:53 2020,PTTweb,"[datetime.datetime(2020, 5, 5, 21, 29, 15, 593765)]",ASUS-PC,PTT,Re: [問卦] 有沒有乃木坂板在吵什麼的卦?,https://www.ptt.cc/bbs/Gossiping/M.1588684016.A.7B4.html
sushi11 (三星非洲人路過),Gossiping,[問卦],Tue May  5 21:08:22 2020,PTTweb,"[datetime.datetime(2020, 5, 5, 21, 29, 15, 640564)]",ASUS-PC,PTT,[問卦] 追企鵝的鄉民就嘴，那追豬的嘞,https://www.ptt.cc/bbs/Gossiping/M.1588684104.A.E2D.html
nacy204327 (♥～超可愛✡小南C～♥),Gossiping,Re,Tue May  5 21:06:22 2020,PTTweb,"[datetime.datetime(2020, 5, 5, 21, 29, 15, 656164)]",ASUS-PC,PTT,Re: [爆卦] 大樂透開獎獎號,https://www.ptt.cc/bbs/Gossiping/M.1588683985.A.52B.html
amilkamilk (),Gossiping,Re,Tue May  5 21:06:21 2020,PTTweb,"[datetime.datetime(2020, 5, 5, 21, 29, 15, 656164)]",ASUS-PC,PTT,Re: [新聞]花1000元換1500元酷碰券　經濟部：實體券與電子支付,https://www.ptt.cc/bbs/Gossiping/M.1588683983.A.F03.html
babysating (沙皇),Gossiping,Re,Tue May  5 21:04:51 2020,PTTweb,"[datetime.datetime(2020, 5, 5, 21, 29, 15, 718564)]",ASUS-PC,PTT,Re: [爆卦] 大樂透開獎獎號,https://www.ptt.cc/bbs/Gossiping/M.1588683893.A.759.html
sooge (喜歡小女友Yerin    ),Gossiping,[問卦],Tue May  5 21:03:07 2020,PTTweb,"[datetime.datetime(2020, 5, 5, 21, 29, 15, 718564)]",ASUS-PC,PTT,[問卦] 喜歡的女生很像不喜歡我 心好難過,https://www.ptt.cc/bbs/Gossiping/M.1588683794.A.18A.html
deepdish (Keep The Faith),Gossiping,[問卦],Tue May  5 21:04:43 2020,PTTweb,"[datetime.datetime(2020, 5, 5, 21, 29, 15, 734164)]",ASUS-PC,PTT,[問卦] 有沒有Right to the city 都市權的八卦？,https://www.ptt.cc/bbs/Gossiping/M.1588683886.A.15D.html
pp5434 (),Gossiping,Re,Tue May  5 21:03:19 2020,PTTweb,"[datetime.datetime(2020, 5, 5, 21, 29, 15, 749764)]",ASUS-PC,PTT,Re: [問卦] 中9億後，第一件事要幹嘛?,https://www.ptt.cc/bbs/Gossiping/M.1588683801.A.B08.html
hayate232 (CY),Gossiping,[問卦],Tue May  5 21:03:16 2020,PTTweb,"[datetime.datetime(2020, 5, 5, 21, 29, 15, 749764)]",ASUS-PC,PTT,[問卦] 為什麼半導體 IC產業OP幾乎都是女的?,https://www.ptt.cc/bbs/Gossiping/M.1588683798.A.3C8.html
joyca (joyca),Gossiping,Re,Tue May  5 21:02:51 2020,PTTweb,"[datetime.datetime(2020, 5, 5, 21, 29, 15, 765364)]",ASUS-PC,PTT,Re: [新聞] 蓬佩奧洗碗太太旁邊玩牌 溫馨畫面驚呆中國,https://www.ptt.cc/bbs/Gossiping/M.1588683773.A.E28.html
cyc3097 (空),Gossiping,[問卦],Tue May  5 21:03:16 2020,PTTweb,"[datetime.datetime(2020, 5, 5, 21, 29, 15, 765364)]",ASUS-PC,PTT,[問卦] 「民族復興」到底是哪個民族?,https://www.ptt.cc/bbs/Gossiping/M.1588683798.A.1CC.html
BBBroflovski (我大大在褲褲上了),Gossiping,[問卦],Tue May  5 21:03:46 2020,PTTweb,"[datetime.datetime(2020, 5, 5, 21, 29, 15, 765364)]",ASUS-PC,PTT,[問卦] 大家2012年12月21日11點11分時在幹嘛？,https://www.ptt.cc/bbs/Gossiping/M.1588683860.A.0EC.html
parttime (PTrrr),Gossiping,[新聞],Tue May  5 21:02:37 2020,PTTweb,"[datetime.datetime(2020, 5, 5, 21, 29, 15, 827763)]",ASUS-PC,PTT,[新聞] 新冠病毒疫苗可能永遠不會問世CNN：B計畫,https://www.ptt.cc/bbs/Gossiping/M.1588683760.A.3D8.html
xxx80076 (xxx80076),Gossiping,[問卦],Tue May  5 21:02:44 2020,PTTweb,"[datetime.datetime(2020, 5, 5, 21, 29, 15, 843363)]",ASUS-PC,PTT,[問卦] 為什麼現在都遇不到好心正妹？,https://www.ptt.cc/bbs/Gossiping/M.1588683766.A.408.html
leo0873 (逼逼ㄟ死),Gossiping,[問卦],Tue May  5 21:01:46 2020,PTTweb,"[datetime.datetime(2020, 5, 5, 21, 29, 15, 858963)]",ASUS-PC,PTT,[問卦] 北美是不是天堂阿？,https://www.ptt.cc/bbs/Gossiping/M.1588683708.A.F03.html
joseph40 (五樓笨蛋),Gossiping,[問卦],Tue May  5 21:02:25 2020,PTTweb,"[datetime.datetime(2020, 5, 5, 21, 29, 15, 874563)]",ASUS-PC,PTT,[問卦] 吹冷氣開窗戶,https://www.ptt.cc/bbs/Gossiping/M.1588683748.A.9E1.html
LionKing (獅子王辛巴),Gossiping,[新聞],Tue May  5 21:01:21 2020,PTTweb,"[datetime.datetime(2020, 5, 5, 21, 29, 16, 124161)]",ASUS-PC,PTT,[新聞] 中國哭哭 紐西蘭推亞太隔離圈 暫不考慮中,https://www.ptt.cc/bbs/Gossiping/M.1588683683.A.6AA.html
daisy77117 (QQorange),Gossiping,[問卦],Tue May  5 20:59:30 2020,PTTweb,"[datetime.datetime(2020, 5, 5, 21, 29, 16, 139761)]",ASUS-PC,PTT,[問卦] 去超商買繽紛樂是財富自由嗎？,https://www.ptt.cc/bbs/Gossiping/M.1588683572.A.E89.html
bobyhsu (專業收費代洗文章),Gossiping,[問卦],Tue May  5 20:59:39 2020,PTTweb,"[datetime.datetime(2020, 5, 5, 21, 29, 16, 139761)]",ASUS-PC,PTT,[問卦] 有沒有巫師自通任督二脈的八卦？,https://www.ptt.cc/bbs/Gossiping/M.1588683582.A.820.html
lianpig5566 (家庭教師殺手里包恩),Gossiping,[新聞],Tue May  5 20:59:51 2020,PTTweb,"[datetime.datetime(2020, 5, 5, 21, 29, 16, 155361)]",ASUS-PC,PTT,[新聞] 北市萬華「機車撞公車」！騎士及乘客滑入,https://www.ptt.cc/bbs/Gossiping/M.1588683593.A.6EF.html
ian1107 (高雄姜大聲),Gossiping,[問卦],Tue May  5 20:57:40 2020,PTTweb,"[datetime.datetime(2020, 5, 5, 21, 29, 16, 155361)]",ASUS-PC,PTT,[問卦] 有沒有看YouTube diy的卦?,https://www.ptt.cc/bbs/Gossiping/M.1588683476.A.26F.html
fenway18 (天然本草),Gossiping,[新聞],Tue May  5 20:58:11 2020,PTTweb,"[datetime.datetime(2020, 5, 5, 21, 29, 16, 170961)]",ASUS-PC,PTT,[新聞] 也來順時中？外國人在台買房創16年新高,https://www.ptt.cc/bbs/Gossiping/M.1588683493.A.180.html
leoz69927 ((中尉里奧)),Gossiping,Re,Tue May  5 21:00:58 2020,PTTweb,"[datetime.datetime(2020, 5, 5, 21, 29, 16, 217761)]",ASUS-PC,PTT,Re: [爆卦] 立委提案交通檢舉 警察製單時間縮為7天,https://www.ptt.cc/bbs/Gossiping/M.1588683661.A.2B2.html
fytnship (<(￣︶￣)>),Gossiping,[新聞],Tue May  5 21:00:54 2020,PTTweb,"[datetime.datetime(2020, 5, 5, 21, 29, 16, 217761)]",ASUS-PC,PTT,[新聞] 背貸款哪有閒錢生小孩？網點出「高房價致,https://www.ptt.cc/bbs/Gossiping/M.1588683679.A.A44.html
purine5566 (漂亮56),Gossiping,[問卦],Tue May  5 20:57:07 2020,PTTweb,"[datetime.datetime(2020, 5, 5, 21, 29, 16, 264560)]",ASUS-PC,PTT,[問卦] 如何訓練自己放出不響的屁,https://www.ptt.cc/bbs/Gossiping/M.1588683429.A.84B.html
createlight (創輝),Gossiping,[新聞],Tue May  5 20:52:00 2020,PTTweb,"[datetime.datetime(2020, 5, 5, 21, 29, 16, 280160)]",ASUS-PC,PTT,[新聞] 武漢病毒所偷偷刪照:員工不戴口罩剖蝙蝠,https://www.ptt.cc/bbs/Gossiping/M.1588683128.A.842.html
steven87066 (猥豪),Gossiping,[問卦],Tue May  5 20:56:12 2020,PTTweb,"[datetime.datetime(2020, 5, 5, 21, 29, 16, 295760)]",ASUS-PC,PTT,[問卦] 馬謖申請紓困貸款的話守的住街亭嗎,https://www.ptt.cc/bbs/Gossiping/M.1588683374.A.B40.html
pp5434 (),Gossiping,[問卦],Tue May  5 20:52:08 2020,PTTweb,"[datetime.datetime(2020, 5, 5, 21, 29, 16, 311360)]",ASUS-PC,PTT,[問卦] 雙盲測試分到安慰劑那組的心情是?,https://www.ptt.cc/bbs/Gossiping/M.1588683130.A.3AB.html
kimura0701 (一天要喝3千cc的水),Gossiping,[問卦],Tue May  5 20:53:33 2020,PTTweb,"[datetime.datetime(2020, 5, 5, 21, 29, 16, 311360)]",ASUS-PC,PTT,[問卦] 反正我很閒向資本主義低頭了吧,https://www.ptt.cc/bbs/Gossiping/M.1588683216.A.E5E.html
touurtn (vv),Gossiping,[爆卦],Tue May  5 20:53:47 2020,PTTweb,"[datetime.datetime(2020, 5, 5, 21, 29, 16, 326960)]",ASUS-PC,PTT,[爆卦] 大樂透開獎獎號,https://www.ptt.cc/bbs/Gossiping/M.1588683229.A.D6A.html
hugh509 ((0_ 0)),Gossiping,Re,Tue May  5 20:53:21 2020,PTTweb,"[datetime.datetime(2020, 5, 5, 21, 29, 16, 326960)]",ASUS-PC,PTT,Re: [爆卦] 立委提案交通檢舉 警察製單時間縮為7天,https://www.ptt.cc/bbs/Gossiping/M.1588683204.A.6BB.html
asd0952 (asd0952),Gossiping,[問卦],Tue May  5 20:54:11 2020,PTTweb,"[datetime.datetime(2020, 5, 5, 21, 29, 16, 326960)]",ASUS-PC,PTT,[問卦] 五十人眾真的這麼好笑?,https://www.ptt.cc/bbs/Gossiping/M.1588683253.A.785.html
Rogerisme (I'm Roger),Gossiping,[問卦],Tue May  5 20:51:49 2020,PTTweb,"[datetime.datetime(2020, 5, 5, 21, 29, 16, 342560)]",ASUS-PC,PTT,"[問卦] 被嗆""台灣都沒玩透還整天出國""要怎麼回",https://www.ptt.cc/bbs/Gossiping/M.1588683111.A.0AE.html
mithuang (阿明),Gossiping,Re,Tue May  5 20:50:52 2020,PTTweb,"[datetime.datetime(2020, 5, 5, 21, 29, 16, 404960)]",ASUS-PC,PTT,Re: [新聞]花1000元換1500元酷碰券　經濟部：實體券與電子支付,https://www.ptt.cc/bbs/Gossiping/M.1588683054.A.9B9.html
Five (五樓),Gossiping,Re,Tue May  5 20:51:39 2020,PTTweb,"[datetime.datetime(2020, 5, 5, 21, 29, 16, 420559)]",ASUS-PC,PTT,Re: [問卦] 日文是不是很難學?,https://www.ptt.cc/bbs/Gossiping/M.1588683102.A.4D7.html
lianpig5566 (家庭教師殺手里包恩),Gossiping,Re,Tue May  5 20:51:37 2020,PTTweb,"[datetime.datetime(2020, 5, 5, 21, 29, 16, 420559)]",ASUS-PC,PTT,Re: [問卦] 網購顯示出貨中是什麼意思？,https://www.ptt.cc/bbs/Gossiping/M.1588683099.A.6FF.html
Metallicat (金屬製貓),Gossiping,[問卦],Tue May  5 20:42:47 2020,PTTweb,"[datetime.datetime(2020, 5, 5, 21, 29, 16, 654558)]",ASUS-PC,PTT,[問卦] 鄉民一下16cm算小屌 一下美國14cm大香蕉?,https://www.ptt.cc/bbs/Gossiping/M.1588682569.A.AA5.html
vinsmokesanj (反串逆),Gossiping,[問卦],Tue May  5 20:42:26 2020,PTTweb,"[datetime.datetime(2020, 5, 5, 21, 29, 16, 732557)]",ASUS-PC,PTT,[問卦] 中樂透隔天一定要在主管桌上拉屎嗎？,https://www.ptt.cc/bbs/Gossiping/M.1588682548.A.4BB.html
hmt17 (Popo:(bﾟ▽ﾟ)b),Gossiping,[問卦],Tue May  5 20:43:21 2020,PTTweb,"[datetime.datetime(2020, 5, 5, 21, 29, 16, 732557)]",ASUS-PC,PTT,[問卦] 驚! 本田望結 中學畢業出紀念寫真集?,https://www.ptt.cc/bbs/Gossiping/M.1588682607.A.374.html
proprome (月光寶盒),Gossiping,[新聞],Tue May  5 20:50:39 2020,PTTweb,"[datetime.datetime(2020, 5, 5, 21, 29, 16, 748157)]",ASUS-PC,PTT,[新聞] 尷尬！柯文哲遠視京華城火災貼文 網酸:隔,https://www.ptt.cc/bbs/Gossiping/M.1588683042.A.D8A.html
angelcatsky (/),Gossiping,[問卦],Tue May  5 20:48:35 2020,PTTweb,"[datetime.datetime(2020, 5, 5, 21, 29, 16, 748157)]",ASUS-PC,PTT,[問卦] 弱勢捐款真的會給弱勢嗎？,https://www.ptt.cc/bbs/Gossiping/M.1588682917.A.52F.html
DotheShit (吃我大便),Gossiping,Re,Tue May  5 20:48:20 2020,PTTweb,"[datetime.datetime(2020, 5, 5, 21, 29, 16, 763757)]",ASUS-PC,PTT,Re: [問卦] 中九億但換少5年壽命可以接受嗎,https://www.ptt.cc/bbs/Gossiping/M.1588682902.A.349.html
DaDadergeege (Kyle),Gossiping,Re,Tue May  5 20:48:19 2020,PTTweb,"[datetime.datetime(2020, 5, 5, 21, 29, 16, 763757)]",ASUS-PC,PTT,Re: [新聞] 蘇貞昌臉書被罵爆！紓困補助「限制一堆」,https://www.ptt.cc/bbs/Gossiping/M.1588682901.A.868.html
jj840917 (布魯豬排Ver2.8),Gossiping,[問卦],Tue May  5 20:46:37 2020,PTTweb,"[datetime.datetime(2020, 5, 5, 21, 29, 16, 779357)]",ASUS-PC,PTT,[問卦] 為甚麼楓之谷的法師8等就能轉職?,https://www.ptt.cc/bbs/Gossiping/M.1588682799.A.230.html
KasmirLo (科科科~),Gossiping,Re,Tue May  5 20:47:26 2020,PTTweb,"[datetime.datetime(2020, 5, 5, 21, 29, 16, 794957)]",ASUS-PC,PTT,Re: [問卦] 烏龍派出所是不是很容易看膩啊？,https://www.ptt.cc/bbs/Gossiping/M.1588682848.A.0DA.html
Jaygo5566 (杰哥5566),Gossiping,[問卦],Tue May  5 20:50:29 2020,PTTweb,"[datetime.datetime(2020, 5, 5, 21, 29, 16, 810557)]",ASUS-PC,PTT,[問卦] 什麼時候才要去火星找疫苗？,https://www.ptt.cc/bbs/Gossiping/M.1588683032.A.80C.html
Sunny821210 (Vancomycin),Gossiping,[爆卦],Tue May  5 20:45:47 2020,PTTweb,"[datetime.datetime(2020, 5, 5, 21, 29, 16, 810557)]",ASUS-PC,PTT,[爆卦] 立委提案交通檢舉 警察製單時間縮為7天,https://www.ptt.cc/bbs/Gossiping/M.1588682759.A.1F4.html
bega0704 (小閉),Gossiping,[問卦],Tue May  5 20:46:49 2020,PTTweb,"[datetime.datetime(2020, 5, 5, 21, 29, 16, 841757)]",ASUS-PC,PTT,[問卦] 請問青埔現在建設穩定嗎，之前不是說有,https://www.ptt.cc/bbs/Gossiping/M.1588682811.A.D3D.html
alicevvn (阿利系委委恩),Gossiping,Re,Tue May  5 20:46:29 2020,PTTweb,"[datetime.datetime(2020, 5, 5, 21, 29, 16, 841757)]",ASUS-PC,PTT,Re: [問卦] 版上香港相關的文章怎麼都不見了,https://www.ptt.cc/bbs/Gossiping/M.1588682791.A.91D.html
ai770116 (東方的神秘力量),Gossiping,Re,Tue May  5 20:46:25 2020,PTTweb,"[datetime.datetime(2020, 5, 5, 21, 29, 16, 872957)]",ASUS-PC,PTT,Re: [問卦] 外省人才養成vs.台語8+9人才養成？,https://www.ptt.cc/bbs/Gossiping/M.1588682787.A.009.html
KennethC (Smith),Gossiping,[問卦],Tue May  5 20:45:03 2020,PTTweb,"[datetime.datetime(2020, 5, 5, 21, 29, 16, 904156)]",ASUS-PC,PTT,[問卦] 人類會怕黑是不是很不合理?,https://www.ptt.cc/bbs/Gossiping/M.1588682705.A.5C1.html
Five (五樓),Gossiping,Re,Tue May  5 20:44:46 2020,PTTweb,"[datetime.datetime(2020, 5, 5, 21, 29, 16, 935356)]",ASUS-PC,PTT,Re: [問卦] 要怎麼在PTT 掌握住話語霸權？,https://www.ptt.cc/bbs/Gossiping/M.1588682689.A.1E1.html
hbk3308 (HHH),Gossiping,[問卦],Tue May  5 20:44:53 2020,PTTweb,"[datetime.datetime(2020, 5, 5, 21, 29, 16, 950956)]",ASUS-PC,PTT,[問卦] 女孩會選不加班月薪5萬VS加班10萬的男孩,https://www.ptt.cc/bbs/Gossiping/M.1588682695.A.8F9.html
jongam (引戰術士),Gossiping,Re,Tue May  5 20:40:57 2020,PTTweb,"[datetime.datetime(2020, 5, 5, 21, 29, 16, 950956)]",ASUS-PC,PTT,Re: [問卦] 中共五年內打台灣機率多少？,https://www.ptt.cc/bbs/Gossiping/M.1588682459.A.6C5.html
lalalamb (lala),Gossiping,[問卦],Tue May  5 20:44:18 2020,PTTweb,"[datetime.datetime(2020, 5, 5, 21, 29, 16, 997756)]",ASUS-PC,PTT,[問卦] 有沒有科長的八卦?,https://www.ptt.cc/bbs/Gossiping/M.1588682660.A.24D.html
ComeThrough (☁),Gossiping,[問卦],Tue May  5 20:43:50 2020,PTTweb,"[datetime.datetime(2020, 5, 5, 21, 29, 17, 28956)]",ASUS-PC,PTT,[問卦] Psyman的影片有授權嗎？,https://www.ptt.cc/bbs/Gossiping/M.1588682632.A.021.html
Iwanz1018 (貢丸?),Gossiping,[問卦],Tue May  5 20:43:52 2020,PTTweb,"[datetime.datetime(2020, 5, 5, 21, 29, 17, 44555)]",ASUS-PC,PTT,[問卦] 有沒有國民黨文傳會的八卦,https://www.ptt.cc/bbs/Gossiping/M.1588682634.A.176.html
SayNothing (嘎啦啦),Gossiping,[新聞],Tue May  5 20:41:29 2020,PTTweb,"[datetime.datetime(2020, 5, 5, 21, 29, 17, 44555)]",ASUS-PC,PTT,[新聞] 美國傭兵2人被俘！委內瑞拉流亡軍「反攻,https://www.ptt.cc/bbs/Gossiping/M.1588682491.A.C15.html
T3T (G.S.M.W),Gossiping,Re,Tue May  5 20:40:38 2020,PTTweb,"[datetime.datetime(2020, 5, 5, 21, 29, 17, 60155)]",ASUS-PC,PTT,Re: [問卦] 最喜歡鍾佳播宇宙的哪個角色？,https://www.ptt.cc/bbs/Gossiping/M.1588682440.A.53B.html
weapon0427 (weapon0427),Gossiping,[問卦],Tue May  5 20:38:52 2020,PTTweb,"[datetime.datetime(2020, 5, 5, 21, 29, 17, 75755)]",ASUS-PC,PTT,[問卦] 3000元對你來說很多嗎？,https://www.ptt.cc/bbs/Gossiping/M.1588682334.A.247.html
Conan5566 (連續殺人界的56),Gossiping,[問卦],Tue May  5 20:39:30 2020,PTTweb,"[datetime.datetime(2020, 5, 5, 21, 29, 17, 75755)]",ASUS-PC,PTT,[問卦] 如果企鵝妹來演哈利波特會怎樣？,https://www.ptt.cc/bbs/Gossiping/M.1588682373.A.97D.html
NTUST (國立金城武科技大學),Gossiping,[問卦],Tue May  5 20:38:43 2020,PTTweb,"[datetime.datetime(2020, 5, 5, 21, 29, 17, 75755)]",ASUS-PC,PTT,[問卦] 網購顯示出貨中是什麼意思？,https://www.ptt.cc/bbs/Gossiping/M.1588682325.A.5D6.html
genie529 (我太帥了吧),Gossiping,[問卦],Tue May  5 20:37:13 2020,PTTweb,"[datetime.datetime(2020, 5, 5, 21, 29, 17, 106955)]",ASUS-PC,PTT,[問卦] 惡魔貓教的教義是什麼？,https://www.ptt.cc/bbs/Gossiping/M.1588682235.A.C7F.html
sai5566 (56得第一),Gossiping,[問卦],Tue May  5 20:37:39 2020,PTTweb,"[datetime.datetime(2020, 5, 5, 21, 29, 17, 106955)]",ASUS-PC,PTT,[問卦] you辣you辣偷，you尬母湯送辣欸？,https://www.ptt.cc/bbs/Gossiping/M.1588682261.A.B08.html
jack34031 (井底之蛙),Gossiping,[問卦],Tue May  5 20:38:39 2020,PTTweb,"[datetime.datetime(2020, 5, 5, 21, 29, 17, 122555)]",ASUS-PC,PTT,[問卦] 中9.2億要幹嘛？,https://www.ptt.cc/bbs/Gossiping/M.1588682321.A.BA8.html
ilw4e (可以吃嗎？),Gossiping,Re,Tue May  5 20:36:24 2020,PTTweb,"[datetime.datetime(2020, 5, 5, 21, 29, 17, 138155)]",ASUS-PC,PTT,Re: [新聞] 艾倫狄珍妮被爆「根本雙面人」　30名員工,https://www.ptt.cc/bbs/Gossiping/M.1588682187.A.CCA.html
jun059 (好想睡覺),Gossiping,[問卦],Tue May  5 20:37:00 2020,PTTweb,"[datetime.datetime(2020, 5, 5, 21, 29, 17, 138155)]",ASUS-PC,PTT,[問卦] 版上有什麼有名的112 id嗎？？？,https://www.ptt.cc/bbs/Gossiping/M.1588682222.A.85A.html
Five (五樓),Gossiping,Re,Tue May  5 20:35:18 2020,PTTweb,"[datetime.datetime(2020, 5, 5, 21, 29, 17, 169355)]",ASUS-PC,PTT,Re: [問卦] 中共五年內打台灣機率多少？,https://www.ptt.cc/bbs/Gossiping/M.1588682120.A.D64.html
"wuyilinn ("")",Gossiping,[新聞],Tue May  5 20:35:17 2020,PTTweb,"[datetime.datetime(2020, 5, 5, 21, 29, 17, 169355)]",ASUS-PC,PTT,[新聞] 林森錢櫃施工3個月沒發現　苗博雅：推開,https://www.ptt.cc/bbs/Gossiping/M.1588682120.A.885.html
fxfxgxgx (優質好文強人),Gossiping,[問卦],Tue May  5 20:35:14 2020,PTTweb,"[datetime.datetime(2020, 5, 5, 21, 29, 17, 200554)]",ASUS-PC,PTT,[問卦] 為什麼沒確診還要浪費時間開記者會,https://www.ptt.cc/bbs/Gossiping/M.1588682116.A.A27.html
flyover01 (想得不可得 情愛裡無智者),Gossiping,[爆卦],Tue May  5 20:34:23 2020,PTTweb,"[datetime.datetime(2020, 5, 5, 21, 29, 17, 231754)]",ASUS-PC,PTT,[爆卦] 歐陽漪棻,https://www.ptt.cc/bbs/Gossiping/M.1588682067.A.6F3.html
deepdish (Keep The Faith),Gossiping,[問卦],Tue May  5 20:34:53 2020,PTTweb,"[datetime.datetime(2020, 5, 5, 21, 29, 17, 231754)]",ASUS-PC,PTT,[問卦] 有沒有日常生活批判的八卦？,https://www.ptt.cc/bbs/Gossiping/M.1588682095.A.E73.html
joy462110 (joy462110),Gossiping,Re,Tue May  5 20:33:17 2020,PTTweb,"[datetime.datetime(2020, 5, 5, 21, 29, 17, 247354)]",ASUS-PC,PTT,Re: [新聞] 紓困變調…攤商日營收數萬 領完3萬補助爽,https://www.ptt.cc/bbs/Gossiping/M.1588681999.A.863.html
lx2x3 (),Gossiping,[問卦],Tue May  5 20:33:51 2020,PTTweb,"[datetime.datetime(2020, 5, 5, 21, 29, 17, 262954)]",ASUS-PC,PTT,[問卦] 高雄捷運沿線的美食？,https://www.ptt.cc/bbs/Gossiping/M.1588682033.A.C18.html
p09171989 (風中蟾蜍),Gossiping,[問卦],Tue May  5 20:32:44 2020,PTTweb,"[datetime.datetime(2020, 5, 5, 21, 29, 17, 278554)]",ASUS-PC,PTT,[問卦] 肥宅一次雞翅都吃幾支,https://www.ptt.cc/bbs/Gossiping/M.1588681967.A.06D.html
Yirgacheffe (守住善良),Gossiping,[新聞],Tue May  5 20:33:23 2020,PTTweb,"[datetime.datetime(2020, 5, 5, 21, 29, 17, 278554)]",ASUS-PC,PTT,[新聞] 蓬佩奧洗碗太太旁邊玩牌 溫馨畫面驚呆中國,https://www.ptt.cc/bbs/Gossiping/M.1588682059.A.686.html
touurtn (vv),Gossiping,[問卦],Tue May  5 20:25:52 2020,PTTweb,"[datetime.datetime(2020, 5, 5, 21, 29, 17, 543752)]",ASUS-PC,PTT,[問卦] 中二獎的話會跟別人獎嗎？,https://www.ptt.cc/bbs/Gossiping/M.1588681554.A.A96.html
yuan55226 (Yuan55226),Gossiping,Re,Tue May  5 20:27:05 2020,PTTweb,"[datetime.datetime(2020, 5, 5, 21, 29, 17, 543752)]",ASUS-PC,PTT,Re: [問卦] 肥宅都怎樣打發下班後到睡前的時間,https://www.ptt.cc/bbs/Gossiping/M.1588681627.A.BAC.html
tosay (12333),Gossiping,[問卦],Tue May  5 20:28:11 2020,PTTweb,"[datetime.datetime(2020, 5, 5, 21, 29, 17, 559352)]",ASUS-PC,PTT,[問卦] 外遇雙方都離婚了 為何卻不結婚,https://www.ptt.cc/bbs/Gossiping/M.1588681723.A.460.html
KouChouChing (20分鐘),Gossiping,[新聞],Tue May  5 20:30:10 2020,PTTweb,"[datetime.datetime(2020, 5, 5, 21, 29, 17, 559352)]",ASUS-PC,PTT,[新聞] 消防局缺人柯市府媒體組人員暴增 議員:合,https://www.ptt.cc/bbs/Gossiping/M.1588681812.A.5DA.html
Whitening (whitening),Gossiping,[問卦],Tue May  5 20:26:56 2020,PTTweb,"[datetime.datetime(2020, 5, 5, 21, 29, 17, 574952)]",ASUS-PC,PTT,[問卦] 企鵝妹50人眾會不會怕將來老婆發現合照??,https://www.ptt.cc/bbs/Gossiping/M.1588681619.A.066.html
COLONELLIU (勇嵐叫共九逃),Gossiping,[問卦],Tue May  5 20:27:21 2020,PTTweb,"[datetime.datetime(2020, 5, 5, 21, 29, 17, 574952)]",ASUS-PC,PTT,[問卦] 烏龍派出所是不是很容易看膩啊？,https://www.ptt.cc/bbs/Gossiping/M.1588681643.A.58D.html
hold5566 (侯爾德五六),Gossiping,[問卦],Tue May  5 20:25:54 2020,PTTweb,"[datetime.datetime(2020, 5, 5, 21, 29, 17, 621752)]",ASUS-PC,PTT,[問卦] 如何形容現代窮困的人,https://www.ptt.cc/bbs/Gossiping/M.1588681556.A.0DD.html
sunbysea (忠言逆耳良藥苦口),Gossiping,[新聞],Tue May  5 20:31:52 2020,PTTweb,"[datetime.datetime(2020, 5, 5, 21, 29, 17, 621752)]",ASUS-PC,PTT,[新聞] 中共內部報告稱面臨六四後最惡劣國際形勢,https://www.ptt.cc/bbs/Gossiping/M.1588681916.A.96D.html
a2945874624 (著著),Gossiping,Re,Tue May  5 20:25:04 2020,PTTweb,"[datetime.datetime(2020, 5, 5, 21, 29, 17, 699751)]",ASUS-PC,PTT,Re: [問卦] 排球少年為什麼沒像灌籃高手一樣大賣?,https://www.ptt.cc/bbs/Gossiping/M.1588681506.A.DF2.html
ssdog (ssdog),Gossiping,Re,Tue May  5 20:24:43 2020,PTTweb,"[datetime.datetime(2020, 5, 5, 21, 29, 17, 699751)]",ASUS-PC,PTT,Re: [問卦] 去土銀辦勞工紓困貸款?,https://www.ptt.cc/bbs/Gossiping/M.1588681486.A.4E0.html
ronny1020 (偷偷魯蛇),Gossiping,[問卦],Tue May  5 20:24:31 2020,PTTweb,"[datetime.datetime(2020, 5, 5, 21, 29, 17, 715351)]",ASUS-PC,PTT,[問卦] 台女直播主霸主是誰？,https://www.ptt.cc/bbs/Gossiping/M.1588681473.A.307.html
blueskymaple (你是不是在發球),Gossiping,Re,Tue May  5 20:24:10 2020,PTTweb,"[datetime.datetime(2020, 5, 5, 21, 29, 17, 715351)]",ASUS-PC,PTT,Re: [新聞] 學生吃吃到飽「奧步多吃30分鐘」 公館餐,https://www.ptt.cc/bbs/Gossiping/M.1588681452.A.538.html
iloveykk (iloveykk),Gossiping,[問卦],Tue May  5 20:24:08 2020,PTTweb,"[datetime.datetime(2020, 5, 5, 21, 29, 17, 715351)]",ASUS-PC,PTT,[問卦] 台灣企鵝妹是誰?有卦嗎,https://www.ptt.cc/bbs/Gossiping/M.1588681451.A.71E.html
BBBroflovski (我大大在褲褲上了),Gossiping,[問卦],Tue May  5 20:25:05 2020,PTTweb,"[datetime.datetime(2020, 5, 5, 21, 29, 17, 730951)]",ASUS-PC,PTT,[問卦] 急！楓之谷一轉要選哪個職業！？,https://www.ptt.cc/bbs/Gossiping/M.1588681522.A.DFD.html
pigoilstand (豬油攤),Gossiping,[新聞],Tue May  5 20:23:56 2020,PTTweb,"[datetime.datetime(2020, 5, 5, 21, 29, 17, 730951)]",ASUS-PC,PTT,[新聞] 高雄市府旁國小「逆國瑜」 照市長選舉規,https://www.ptt.cc/bbs/Gossiping/M.1588681439.A.3AB.html
smallgigi (爸爸),Gossiping,Re,Tue May  5 20:25:22 2020,PTTweb,"[datetime.datetime(2020, 5, 5, 21, 29, 17, 746551)]",ASUS-PC,PTT,Re: [新聞] 企鵝妹和「海格」訂婚？ 網：西方取精,https://www.ptt.cc/bbs/Gossiping/M.1588681525.A.7CD.html
Metallicat (金屬製貓),Gossiping,[問卦],Tue May  5 20:23:01 2020,PTTweb,"[datetime.datetime(2020, 5, 5, 21, 29, 17, 808951)]",ASUS-PC,PTT,[問卦] 92無鉛跟98無鉛各加一半不就能省錢?,https://www.ptt.cc/bbs/Gossiping/M.1588681384.A.0B0.html
ckbdfrst (ckbdfrst),Gossiping,[問卦],Tue May  5 20:22:31 2020,PTTweb,"[datetime.datetime(2020, 5, 5, 21, 29, 17, 824550)]",ASUS-PC,PTT,[問卦]中國兩首防疫歌曲被全球按倒讚!!小粉紅呢?,https://www.ptt.cc/bbs/Gossiping/M.1588681368.A.38D.html
akila08539 (平手友梨奈我老婆),Gossiping,[問卦],Tue May  5 20:21:16 2020,PTTweb,"[datetime.datetime(2020, 5, 5, 21, 29, 18, 89749)]",ASUS-PC,PTT,[問卦] 日本企鵝妹 小池美波的八卦?,https://www.ptt.cc/bbs/Gossiping/M.1588681279.A.4A0.html
geroge0820 (拉麵肥之助),Gossiping,[問卦],Tue May  5 20:20:13 2020,PTTweb,"[datetime.datetime(2020, 5, 5, 21, 29, 18, 89749)]",ASUS-PC,PTT,[問卦] 金箔到底好不好吃,https://www.ptt.cc/bbs/Gossiping/M.1588681217.A.590.html
b777787 (想不到8),Gossiping,Re,Tue May  5 20:22:18 2020,PTTweb,"[datetime.datetime(2020, 5, 5, 21, 29, 18, 105349)]",ASUS-PC,PTT,Re: [爆卦] 柯文哲IG ：嚴正關切 京華城大火...,https://www.ptt.cc/bbs/Gossiping/M.1588681340.A.714.html
winogu (win),Gossiping,[問卦],Tue May  5 20:20:02 2020,PTTweb,"[datetime.datetime(2020, 5, 5, 21, 29, 18, 136548)]",ASUS-PC,PTT,[問卦] 去土銀辦勞工紓困貸款?,https://www.ptt.cc/bbs/Gossiping/M.1588681204.A.1C3.html
Loan (Loan),Gossiping,[問卦],Tue May  5 20:20:37 2020,PTTweb,"[datetime.datetime(2020, 5, 5, 21, 29, 18, 152148)]",ASUS-PC,PTT,[問卦] 網路時代為何還有人敢抄襲,https://www.ptt.cc/bbs/Gossiping/M.1588681239.A.3D1.html
join183club (183club),Gossiping,[問卦],Tue May  5 20:20:21 2020,PTTweb,"[datetime.datetime(2020, 5, 5, 21, 29, 18, 183348)]",ASUS-PC,PTT,[問卦] 蝦皮是不是要被陸商佔領了,https://www.ptt.cc/bbs/Gossiping/M.1588681223.A.F6B.html
Kokoro (摳摳摟),Gossiping,[問卦],Tue May  5 20:22:27 2020,PTTweb,"[datetime.datetime(2020, 5, 5, 21, 29, 18, 183348)]",ASUS-PC,PTT,[問卦] 把錢抖給直播主會變成什麼形狀,https://www.ptt.cc/bbs/Gossiping/M.1588681349.A.558.html
milkBK (blitzkrieg比較低),Gossiping,[問卦],Tue May  5 20:19:46 2020,PTTweb,"[datetime.datetime(2020, 5, 5, 21, 29, 18, 214548)]",ASUS-PC,PTT,[問卦] 實況主會擔心結婚後火山孝子就不斗了嗎,https://www.ptt.cc/bbs/Gossiping/M.1588681188.A.AAA.html
o523874 (就買一個感覺),Gossiping,[問卦],Tue May  5 20:19:07 2020,PTTweb,"[datetime.datetime(2020, 5, 5, 21, 29, 18, 230148)]",ASUS-PC,PTT,[問卦] 驚！鴨嘴獸是不是很稀少,https://www.ptt.cc/bbs/Gossiping/M.1588681149.A.F88.html
hmt17 (Popo:(bﾟ▽ﾟ)b),Gossiping,[問卦],Tue May  5 20:17:19 2020,PTTweb,"[datetime.datetime(2020, 5, 5, 21, 29, 18, 245748)]",ASUS-PC,PTT,[問卦] 驚! 波瑠嫁ムロツヨシ，被中川大志搶婚?,https://www.ptt.cc/bbs/Gossiping/M.1588681044.A.70D.html
b00668880 (請給我黃金),Gossiping,Re,Tue May  5 20:18:15 2020,PTTweb,"[datetime.datetime(2020, 5, 5, 21, 29, 18, 245748)]",ASUS-PC,PTT,Re: [問卦] 有中國在推動電子貨幣的卦嗎？,https://www.ptt.cc/bbs/Gossiping/M.1588681123.A.D7F.html
CuteGG (GG),Gossiping,[問卦],Tue May  5 20:18:55 2020,PTTweb,"[datetime.datetime(2020, 5, 5, 21, 29, 18, 261348)]",ASUS-PC,PTT,[問卦] 楊過玄鐵劍和克勞德破壞劍打起來誰強？　,https://www.ptt.cc/bbs/Gossiping/M.1588681139.A.F57.html
hvariables (Speculative Male),Gossiping,[新聞],Tue May  5 20:18:26 2020,PTTweb,"[datetime.datetime(2020, 5, 5, 21, 29, 18, 276948)]",ASUS-PC,PTT,[新聞] 蘇揆：台灣首季GDP估亞洲四小龍第一,https://www.ptt.cc/bbs/Gossiping/M.1588681118.A.A64.html
Mopack22926 (阿翔),Gossiping,[問卦],Tue May  5 20:18:02 2020,PTTweb,"[datetime.datetime(2020, 5, 5, 21, 29, 18, 276948)]",ASUS-PC,PTT,[問卦] 借到紓困10萬離職還能領1萬嗎,https://www.ptt.cc/bbs/Gossiping/M.1588681084.A.F7A.html
CNS3056 (奶奶),Gossiping,[新聞],Tue May  5 20:16:52 2020,PTTweb,"[datetime.datetime(2020, 5, 5, 21, 29, 18, 323747)]",ASUS-PC,PTT,[新聞] 紓困補助3萬元有效率 運將3天拿到錢 兼職,https://www.ptt.cc/bbs/Gossiping/M.1588681014.A.B13.html
Five (五樓),Gossiping,Re,Tue May  5 20:16:47 2020,PTTweb,"[datetime.datetime(2020, 5, 5, 21, 29, 18, 339347)]",ASUS-PC,PTT,Re: [問卦] 中9億後，第一件事要幹嘛?,https://www.ptt.cc/bbs/Gossiping/M.1588681010.A.0BB.html
ioosoo (ioosoo),Gossiping,[問卦],Tue May  5 20:16:14 2020,PTTweb,"[datetime.datetime(2020, 5, 5, 21, 29, 18, 370547)]",ASUS-PC,PTT,[問卦] 豆導如果拍羅志祥事件,https://www.ptt.cc/bbs/Gossiping/M.1588680976.A.194.html
newper (別當Google不存在),Gossiping,Re,Tue May  5 20:16:22 2020,PTTweb,"[datetime.datetime(2020, 5, 5, 21, 29, 18, 370547)]",ASUS-PC,PTT,Re: [新聞] 輪番甩巴掌+拖進公廁性侵…她遭11人凌虐,https://www.ptt.cc/bbs/Gossiping/M.1588680985.A.FA5.html
kabuasua (斑枝),Gossiping,Re,Tue May  5 20:15:57 2020,PTTweb,"[datetime.datetime(2020, 5, 5, 21, 29, 18, 386147)]",ASUS-PC,PTT,Re: [新聞] 代價太大！陸退役少將：現不是武統台灣,https://www.ptt.cc/bbs/Gossiping/M.1588680959.A.2E9.html
jeter17 (揚雞),Gossiping,[問卦],Tue May  5 20:16:10 2020,PTTweb,"[datetime.datetime(2020, 5, 5, 21, 29, 18, 386147)]",ASUS-PC,PTT,[問卦] 72妹被肥洋屌抽送有什麼好崩潰？,https://www.ptt.cc/bbs/Gossiping/M.1588680972.A.7AA.html
diefishdie (不過是條死魚),Gossiping,[問卦],Tue May  5 20:10:56 2020,PTTweb,"[datetime.datetime(2020, 5, 5, 21, 29, 18, 666945)]",ASUS-PC,PTT,[問卦] 這什麼蟲?,https://www.ptt.cc/bbs/Gossiping/M.1588680658.A.473.html
VVVV55555 (東興烏鴉-小妹),Gossiping,[問卦],Tue May  5 20:09:56 2020,PTTweb,"[datetime.datetime(2020, 5, 5, 21, 29, 18, 666945)]",ASUS-PC,PTT,[問卦] 紓困特定人要看存款 要看家庭收入？,https://www.ptt.cc/bbs/Gossiping/M.1588680598.A.368.html
ymx3xc (多多),Gossiping,[問卦],Tue May  5 20:12:33 2020,PTTweb,"[datetime.datetime(2020, 5, 5, 21, 29, 18, 682545)]",ASUS-PC,PTT,[問卦] 待會兒中了大樂透9億 你還敢結婚嗎?,https://www.ptt.cc/bbs/Gossiping/M.1588680756.A.2C0.html
rote (ROTE),Gossiping,[新聞],Tue May  5 20:08:32 2020,PTTweb,"[datetime.datetime(2020, 5, 5, 21, 29, 18, 682545)]",ASUS-PC,PTT,[新聞] 寶成無薪假「事假、減班二選一」　估衝,https://www.ptt.cc/bbs/Gossiping/M.1588680516.A.4D1.html
freddy8317 (長到拖著走),Gossiping,[問卦],Tue May  5 20:12:23 2020,PTTweb,"[datetime.datetime(2020, 5, 5, 21, 29, 18, 744945)]",ASUS-PC,PTT,[問卦] 聽到隔壁8+9家暴會報警嗎？,https://www.ptt.cc/bbs/Gossiping/M.1588680745.A.891.html
sjhs73307 (我才癢拉),Gossiping,[問卦],Tue May  5 20:11:25 2020,PTTweb,"[datetime.datetime(2020, 5, 5, 21, 29, 18, 744945)]",ASUS-PC,PTT,[問卦] 話語霸權!!!!,https://www.ptt.cc/bbs/Gossiping/M.1588680687.A.526.html
ROCisChina (中華民國才是中國),Gossiping,[問卦],Tue May  5 20:08:29 2020,PTTweb,"[datetime.datetime(2020, 5, 5, 21, 29, 18, 760544)]",ASUS-PC,PTT,[問卦] 當年企鵝妹大賺月收入50幾萬真的假的?,https://www.ptt.cc/bbs/Gossiping/M.1588680512.A.7DB.html
silentknight (清純男),Gossiping,[問卦],Tue May  5 20:06:16 2020,PTTweb,"[datetime.datetime(2020, 5, 5, 21, 29, 18, 807344)]",ASUS-PC,PTT,[問卦] 台灣第三帥youtuber是誰?,https://www.ptt.cc/bbs/Gossiping/M.1588680378.A.D35.html
herex (魔導戰士破壞者),Gossiping,[問卦],Tue May  5 20:07:36 2020,PTTweb,"[datetime.datetime(2020, 5, 5, 21, 29, 18, 807344)]",ASUS-PC,PTT,[問卦] 好朋友被黑社會抓走,https://www.ptt.cc/bbs/Gossiping/M.1588680458.A.C15.html
recount (戰鬥報表),Gossiping,Re,Tue May  5 20:06:32 2020,PTTweb,"[datetime.datetime(2020, 5, 5, 21, 29, 18, 822944)]",ASUS-PC,PTT,Re: [新聞] 代價太大！陸退役少將：現不是武統台灣,https://www.ptt.cc/bbs/Gossiping/M.1588680394.A.911.html
radiotofu (電台豆腐),Gossiping,[問卦],Tue May  5 20:04:12 2020,PTTweb,"[datetime.datetime(2020, 5, 5, 21, 29, 18, 838544)]",ASUS-PC,PTT,[問卦] 現在的妹子都聽什麼歌？,https://www.ptt.cc/bbs/Gossiping/M.1588680255.A.08F.html
JianNianLu (JamesLucas),Gossiping,[新聞],Tue May  5 20:08:03 2020,PTTweb,"[datetime.datetime(2020, 5, 5, 21, 29, 18, 838544)]",ASUS-PC,PTT,[新聞] 外交部駁WHO：UN 2758號決議文 沒提及台灣,https://www.ptt.cc/bbs/Gossiping/M.1588680485.A.BF5.html
lelena (馬利克),Gossiping,[問卦],Tue May  5 20:03:40 2020,PTTweb,"[datetime.datetime(2020, 5, 5, 21, 29, 18, 869744)]",ASUS-PC,PTT,[問卦] 東方人貢獻度怎麼跟廢物一樣的八卦?,https://www.ptt.cc/bbs/Gossiping/M.1588680222.A.C6D.html
a58524andy (a58524andy),Gossiping,[問卦],Tue May  5 20:03:50 2020,PTTweb,"[datetime.datetime(2020, 5, 5, 21, 29, 18, 885344)]",ASUS-PC,PTT,[問卦] 誰掌握了話語霸權,https://www.ptt.cc/bbs/Gossiping/M.1588680233.A.F2C.html
akanishiking (arnold jackson),Gossiping,[問卦],Tue May  5 20:03:39 2020,PTTweb,"[datetime.datetime(2020, 5, 5, 21, 29, 18, 932143)]",ASUS-PC,PTT,[問卦] 後藤真希的youtube都是誰在看？,https://www.ptt.cc/bbs/Gossiping/M.1588680221.A.8B0.html
hizo (白木緋奏),Gossiping,[問卦],Tue May  5 20:03:14 2020,PTTweb,"[datetime.datetime(2020, 5, 5, 21, 29, 18, 947743)]",ASUS-PC,PTT,[問卦] 慟!忘記去下注了!,https://www.ptt.cc/bbs/Gossiping/M.1588680197.A.87B.html
missingkid (),Gossiping,[問卦],Tue May  5 20:02:22 2020,PTTweb,"[datetime.datetime(2020, 5, 5, 21, 29, 18, 963343)]",ASUS-PC,PTT,[問卦] 哪首歌最適合當企鵝家族的主題曲,https://www.ptt.cc/bbs/Gossiping/M.1588680144.A.528.html
LPMO (LPMO),Gossiping,[問卦],Tue May  5 20:02:35 2020,PTTweb,"[datetime.datetime(2020, 5, 5, 21, 29, 18, 963343)]",ASUS-PC,PTT,[問卦] 面試工作自稱思覺失調 會增加成功率嗎,https://www.ptt.cc/bbs/Gossiping/M.1588680157.A.D70.html
cake10414 (Peter),Gossiping,[新聞],Tue May  5 20:02:31 2020,PTTweb,"[datetime.datetime(2020, 5, 5, 21, 29, 18, 978943)]",ASUS-PC,PTT,[新聞] 地下化配地在平鎮在地議員砲轟被犧牲,https://www.ptt.cc/bbs/Gossiping/M.1588680153.A.E5B.html
puresugar (紅茶拿鐵),Gossiping,[問卦],Tue May  5 20:02:09 2020,PTTweb,"[datetime.datetime(2020, 5, 5, 21, 29, 19, 228541)]",ASUS-PC,PTT,[問卦] 韓國肥宅>>>>台灣肥宅？,https://www.ptt.cc/bbs/Gossiping/M.1588680131.A.939.html
wurara22 (烏拉餓餓),Gossiping,[問卦],Tue May  5 20:01:01 2020,PTTweb,"[datetime.datetime(2020, 5, 5, 21, 29, 19, 244141)]",ASUS-PC,PTT,[問卦] 欸！灰塵貓辦見面會會有五十人參加嗎？,https://www.ptt.cc/bbs/Gossiping/M.1588680064.A.54E.html
timetolove (艾爾不怕西諾),Gossiping,Re,Tue May  5 20:02:08 2020,PTTweb,"[datetime.datetime(2020, 5, 5, 21, 29, 19, 244141)]",ASUS-PC,PTT,Re: [問卦] 許多法律人是不是希望恢復私刑？,https://www.ptt.cc/bbs/Gossiping/M.1588680130.A.715.html
nanami56 (I 佛 U),Gossiping,Re,Tue May  5 20:01:57 2020,PTTweb,"[datetime.datetime(2020, 5, 5, 21, 29, 19, 275341)]",ASUS-PC,PTT,Re: [爆卦] 柯文哲IG ：嚴正關切 京華城大火...,https://www.ptt.cc/bbs/Gossiping/M.1588680119.A.70E.html
ok8752665 ()()()()()()()()()()()(),Gossiping,[問卦],Tue May  5 20:00:20 2020,PTTweb,"[datetime.datetime(2020, 5, 5, 21, 29, 19, 290941)]",ASUS-PC,PTT,[問卦] blackface真的很嚴重嗎,https://www.ptt.cc/bbs/Gossiping/M.1588680023.A.676.html
ioosoo (ioosoo),Gossiping,[問卦],Tue May  5 20:02:18 2020,PTTweb,"[datetime.datetime(2020, 5, 5, 21, 29, 19, 290941)]",ASUS-PC,PTT,[問卦] 相信企鵝妹會跟美國肥宅嗎,https://www.ptt.cc/bbs/Gossiping/M.1588680140.A.5BC.html
krit1009 (肥龍公主),Gossiping,[問卦],Tue May  5 20:00:11 2020,PTTweb,"[datetime.datetime(2020, 5, 5, 21, 29, 19, 337741)]",ASUS-PC,PTT,[問卦] 外送仔如果車禍後還會再繼續送嗎？,https://www.ptt.cc/bbs/Gossiping/M.1588680017.A.79B.html
ming60406 (細數星空),Gossiping,[問卦],Tue May  5 19:59:39 2020,PTTweb,"[datetime.datetime(2020, 5, 5, 21, 29, 19, 368941)]",ASUS-PC,PTT,[問卦] 摩爾定律為什麼沒有4奈米節點？,https://www.ptt.cc/bbs/Gossiping/M.1588679981.A.BF3.html
fcuk9981 (加價不加蛋),Gossiping,[問卦],Tue May  5 19:59:23 2020,PTTweb,"[datetime.datetime(2020, 5, 5, 21, 29, 19, 368941)]",ASUS-PC,PTT,[問卦] 可以不要再笑企鵝50人眾了嗎？,https://www.ptt.cc/bbs/Gossiping/M.1588679966.A.2B5.html
qwaszx012 (天黑黑),Gossiping,[問卦],Tue May  5 19:59:47 2020,PTTweb,"[datetime.datetime(2020, 5, 5, 21, 29, 19, 384540)]",ASUS-PC,PTT,[問卦] 後照鏡卡死鎖不回去,https://www.ptt.cc/bbs/Gossiping/M.1588679989.A.A60.html
jodojeda (jodojeda),Gossiping,[新聞],Tue May  5 19:59:49 2020,PTTweb,"[datetime.datetime(2020, 5, 5, 21, 29, 19, 400140)]",ASUS-PC,PTT,[新聞] 公審再性侵少女 設局閨密自誇：我弟也不,https://www.ptt.cc/bbs/Gossiping/M.1588679993.A.32B.html
ayasesayuki (綾瀨紗雪),Gossiping,Re,Tue May  5 19:57:38 2020,PTTweb,"[datetime.datetime(2020, 5, 5, 21, 29, 19, 415740)]",ASUS-PC,PTT,Re: [問卦] 98無鉛停賣潮與加油站倒閉潮是不是出現了,https://www.ptt.cc/bbs/Gossiping/M.1588679860.A.953.html
twyes (twyes),Gossiping,[問卦],Tue May  5 19:58:23 2020,PTTweb,"[datetime.datetime(2020, 5, 5, 21, 29, 19, 415740)]",ASUS-PC,PTT,[問卦] 館長 送4個員工4台車 共1500萬,https://www.ptt.cc/bbs/Gossiping/M.1588679905.A.339.html
inmee (J),Gossiping,[問卦],Tue May  5 20:01:46 2020,PTTweb,"[datetime.datetime(2020, 5, 5, 21, 29, 19, 478140)]",ASUS-PC,PTT,[問卦] 中9億後，第一件事要幹嘛?,https://www.ptt.cc/bbs/Gossiping/M.1588680108.A.23C.html
ueewen (ueewen),Gossiping,[新聞],Tue May  5 19:57:02 2020,PTTweb,"[datetime.datetime(2020, 5, 5, 21, 29, 19, 493740)]",ASUS-PC,PTT,[新聞] 警消勞動環境惡劣...時力籲修法讓警消組,https://www.ptt.cc/bbs/Gossiping/M.1588679846.A.FEF.html
bcpsowen (pigbull),Gossiping,[問卦],Tue May  5 19:57:20 2020,PTTweb,"[datetime.datetime(2020, 5, 5, 21, 29, 19, 493740)]",ASUS-PC,PTT,[問卦] 台灣哪個地方最需要惡魔貓男?,https://www.ptt.cc/bbs/Gossiping/M.1588679842.A.7FD.html
nbalook (),Gossiping,Re,Tue May  5 19:57:05 2020,PTTweb,"[datetime.datetime(2020, 5, 5, 21, 29, 19, 509340)]",ASUS-PC,PTT,Re: [問卦] 沒辦法取得家人存摺怎麼領紓困金,https://www.ptt.cc/bbs/Gossiping/M.1588679838.A.FC8.html
CavendishJr (卡文迪許jr),Gossiping,Re,Tue May  5 19:57:22 2020,PTTweb,"[datetime.datetime(2020, 5, 5, 21, 29, 19, 602939)]",ASUS-PC,PTT,Re: [問卦] 女生穿露肩的衣服也太正了吧,https://www.ptt.cc/bbs/Gossiping/M.1588679844.A.286.html
MDay56 (塵世新女僕),Gossiping,[問卦],Tue May  5 19:55:26 2020,PTTweb,"[datetime.datetime(2020, 5, 5, 21, 29, 19, 774538)]",ASUS-PC,PTT,[問卦] 抓到機會就仇女是不是很可悲,https://www.ptt.cc/bbs/Gossiping/M.1588679728.A.2F3.html
mikepopkimo (Mike),Gossiping,[問卦],Tue May  5 19:55:19 2020,PTTweb,"[datetime.datetime(2020, 5, 5, 21, 29, 19, 790138)]",ASUS-PC,PTT,[問卦] 50位斗內乾爹今晚會唱什麼歌？！,https://www.ptt.cc/bbs/Gossiping/M.1588679721.A.3B8.html
tmac012004 (焰靈),Gossiping,[問卦],Tue May  5 19:56:29 2020,PTTweb,"[datetime.datetime(2020, 5, 5, 21, 29, 19, 790138)]",ASUS-PC,PTT,[問卦] 中共五年內打台灣機率多少？,https://www.ptt.cc/bbs/Gossiping/M.1588679791.A.794.html
rexlin (Some like it hot!!),Gossiping,[問卦],Tue May  5 19:55:11 2020,PTTweb,"[datetime.datetime(2020, 5, 5, 21, 29, 19, 821338)]",ASUS-PC,PTT,[問卦] 皮蛋要怎麼吃才是巷子內的?,https://www.ptt.cc/bbs/Gossiping/M.1588679713.A.93A.html
wade6510 (真情不必多說),Gossiping,[問卦],Tue May  5 19:55:56 2020,PTTweb,"[datetime.datetime(2020, 5, 5, 21, 29, 19, 852537)]",ASUS-PC,PTT,[問卦] 幾個不拿武器的8+9可以打倒泰森?,https://www.ptt.cc/bbs/Gossiping/M.1588679758.A.86F.html
ssaw5166 (四季偽五六),Gossiping,[問卦],Tue May  5 19:55:51 2020,PTTweb,"[datetime.datetime(2020, 5, 5, 21, 29, 19, 852537)]",ASUS-PC,PTT,[問卦] 天氣熱對肥宅根本是酷刑吧!?,https://www.ptt.cc/bbs/Gossiping/M.1588679754.A.1F3.html
Taiwanese (臺灣人),Gossiping,[問卦],Tue May  5 19:56:12 2020,PTTweb,"[datetime.datetime(2020, 5, 5, 21, 29, 19, 868137)]",ASUS-PC,PTT,[問卦] 斗內給貝莉梅是盤子嗎?,https://www.ptt.cc/bbs/Gossiping/M.1588679778.A.116.html
reexamor (妹之呼吸),Gossiping,[問卦],Tue May  5 19:54:02 2020,PTTweb,"[datetime.datetime(2020, 5, 5, 21, 29, 19, 910137)]",ASUS-PC,PTT,[問卦] 發P幣算不算是一種話語霸權的八卦？,https://www.ptt.cc/bbs/Gossiping/M.1588679661.A.971.html
PINGS20 (許個願吧),Gossiping,[問卦],Tue May  5 19:54:30 2020,PTTweb,"[datetime.datetime(2020, 5, 5, 21, 29, 19, 916137)]",ASUS-PC,PTT,[問卦] 中九億但換少5年壽命可以接受嗎,https://www.ptt.cc/bbs/Gossiping/M.1588679672.A.80D.html
TrashGsir (垃圾G色),Gossiping,Re,Tue May  5 19:53:34 2020,PTTweb,"[datetime.datetime(2020, 5, 5, 21, 29, 19, 924137)]",ASUS-PC,PTT,Re: [問卦] 企鵝妹是不是神派來拯救台男的天使,https://www.ptt.cc/bbs/Gossiping/M.1588679616.A.35F.html
Whitening (whitening),Gossiping,Re,Tue May  5 19:53:10 2020,PTTweb,"[datetime.datetime(2020, 5, 5, 21, 29, 19, 966337)]",ASUS-PC,PTT,Re: [新聞] 「政治操作過重」民眾黨立委張其祿批中選,https://www.ptt.cc/bbs/Gossiping/M.1588679594.A.236.html
timetolove (艾爾不怕西諾),Gossiping,[問卦],Tue May  5 19:52:38 2020,PTTweb,"[datetime.datetime(2020, 5, 5, 21, 29, 19, 966337)]",ASUS-PC,PTT,"[問卦] 欸欸,G軟跑步時會嫌G奶太礙事嗎?",https://www.ptt.cc/bbs/Gossiping/M.1588679560.A.A0C.html
s327 (PrototypeDesigner),Gossiping,[問卦],Tue May  5 19:53:36 2020,PTTweb,"[datetime.datetime(2020, 5, 5, 21, 29, 19, 966337)]",ASUS-PC,PTT,[問卦] 是不是這兩個月發生地震前後都有大事發生,https://www.ptt.cc/bbs/Gossiping/M.1588679619.A.7F3.html
chiafann (NAZZZ),Gossiping,[問卦],Tue May  5 19:52:37 2020,PTTweb,"[datetime.datetime(2020, 5, 5, 21, 29, 19, 981937)]",ASUS-PC,PTT,[問卦] 企鵝妹直播  幫洋男刮腳皮屑,https://www.ptt.cc/bbs/Gossiping/M.1588679559.A.3F3.html
hayate232 (CY),Gossiping,Re,Tue May  5 19:52:32 2020,PTTweb,"[datetime.datetime(2020, 5, 5, 21, 29, 19, 997537)]",ASUS-PC,PTT,Re: [新聞] 開放醫療用大麻？法務部：不影響二級毒品地位,https://www.ptt.cc/bbs/Gossiping/M.1588679554.A.9FC.html
missingkid (),Gossiping,[問卦],Tue May  5 19:52:28 2020,PTTweb,"[datetime.datetime(2020, 5, 5, 21, 29, 20, 28737)]",ASUS-PC,PTT,[問卦] 出一個叫惡魔貓男的英雄該有啥能力,https://www.ptt.cc/bbs/Gossiping/M.1588679550.A.C79.html
eateat14 (SHERLOCKZH),Gossiping,[問卦],Tue May  5 19:52:13 2020,PTTweb,"[datetime.datetime(2020, 5, 5, 21, 29, 20, 44337)]",ASUS-PC,PTT,[問卦] 有沒有惡魔貓男商品化有沒有搞頭的八卦?,https://www.ptt.cc/bbs/Gossiping/M.1588679536.A.28F.html
aabbcc520 (U質文),Gossiping,[問卦],Tue May  5 19:51:36 2020,PTTweb,"[datetime.datetime(2020, 5, 5, 21, 29, 20, 44337)]",ASUS-PC,PTT,[問卦] 女生穿露肩的衣服也太正了吧,https://www.ptt.cc/bbs/Gossiping/M.1588679499.A.EE4.html
"aitt (非主流,有何不可(M))",Gossiping,[問卦],Tue May  5 19:50:58 2020,PTTweb,"[datetime.datetime(2020, 5, 5, 21, 29, 20, 59937)]",ASUS-PC,PTT,[問卦] 98無鉛停賣潮與加油站倒閉潮是不是出現了,https://www.ptt.cc/bbs/Gossiping/M.1588679461.A.69A.html
llgod (Wryyyyyyyy),Gossiping,[問卦],Tue May  5 19:52:19 2020,PTTweb,"[datetime.datetime(2020, 5, 5, 21, 29, 20, 75536)]",ASUS-PC,PTT,[問卦] 在雷電交加的夜晚放風箏！?,https://www.ptt.cc/bbs/Gossiping/M.1588679544.A.1AC.html
end56 (終結56),Gossiping,Re,Tue May  5 19:50:12 2020,PTTweb,"[datetime.datetime(2020, 5, 5, 21, 29, 20, 340735)]",ASUS-PC,PTT,Re: [新聞] 輪番甩巴掌+拖進公廁性侵…她遭11人凌虐,https://www.ptt.cc/bbs/Gossiping/M.1588679414.A.1F3.html
MafuyuShiina (MafuyuShiina),Gossiping,[新聞],Tue May  5 19:50:27 2020,PTTweb,"[datetime.datetime(2020, 5, 5, 21, 29, 20, 356335)]",ASUS-PC,PTT,[新聞]苗縣啟明芒果節,https://www.ptt.cc/bbs/Gossiping/M.1588679429.A.D0E.html
KeepHard (0.0),Gossiping,Re,Tue May  5 19:50:31 2020,PTTweb,"[datetime.datetime(2020, 5, 5, 21, 29, 20, 356335)]",ASUS-PC,PTT,Re: [問卦] 統神是哪裡吸引003,https://www.ptt.cc/bbs/Gossiping/M.1588679435.A.6A8.html
pl132 (pl132),Gossiping,[新聞],Tue May  5 19:49:30 2020,PTTweb,"[datetime.datetime(2020, 5, 5, 21, 29, 20, 403134)]",ASUS-PC,PTT,[新聞]美國絕對會幹預！　解放軍鷹派第一人：武,https://www.ptt.cc/bbs/Gossiping/M.1588679372.A.E12.html
beontop (站在頂端),Gossiping,[問卦],Tue May  5 19:50:14 2020,PTTweb,"[datetime.datetime(2020, 5, 5, 21, 29, 20, 403134)]",ASUS-PC,PTT,[問卦] 冷氣不冷還叫冷氣嗎？,https://www.ptt.cc/bbs/Gossiping/M.1588679416.A.0E2.html
allen9527 (allen9527),Gossiping,[問卦],Tue May  5 19:50:06 2020,PTTweb,"[datetime.datetime(2020, 5, 5, 21, 29, 20, 418734)]",ASUS-PC,PTT,[問卦] 要怎麼加入惡魔貓教？,https://www.ptt.cc/bbs/Gossiping/M.1588679408.A.F44.html
amgdaaaa (也太熱了吧..這夏天),Gossiping,[問卦],Tue May  5 19:49:20 2020,PTTweb,"[datetime.datetime(2020, 5, 5, 21, 29, 20, 418734)]",ASUS-PC,PTT,[問卦] 要怎麼PTT掌握住話語霸權？,https://www.ptt.cc/bbs/Gossiping/M.1588679363.A.B50.html
tmac012004 (焰靈),Gossiping,[問卦],Tue May  5 19:48:53 2020,PTTweb,"[datetime.datetime(2020, 5, 5, 21, 29, 20, 434334)]",ASUS-PC,PTT,[問卦] 哪一個新聞主播最正？,https://www.ptt.cc/bbs/Gossiping/M.1588679335.A.97B.html
gn01982027 (夢露是個好樂團),Gossiping,[問卦],Tue May  5 19:48:03 2020,PTTweb,"[datetime.datetime(2020, 5, 5, 21, 29, 20, 449934)]",ASUS-PC,PTT,[問卦] 生吃小黃瓜怎吃才好吃???,https://www.ptt.cc/bbs/Gossiping/M.1588679285.A.D15.html
b777787 (想不到8),Gossiping,[問卦],Tue May  5 19:47:36 2020,PTTweb,"[datetime.datetime(2020, 5, 5, 21, 29, 20, 481134)]",ASUS-PC,PTT,[問卦] 看到 火災 忙著拍照的八卦,https://www.ptt.cc/bbs/Gossiping/M.1588679258.A.6F3.html
ppptoflf (血量精算師),Gossiging,[問卦],Tue May  5 19:45:36 2020,PTTweb,"[datetime.datetime(2020, 5, 5, 21, 29, 20, 481134)]",ASUS-PC,PTT,[問卦] 那個盜帳號的現在假扣押還來得及嗎？,https://www.ptt.cc/bbs/Gossiping/M.1588679144.A.548.html
StarTouching (撫星),Gossiping,[問卦],Tue May  5 19:47:14 2020,PTTweb,"[datetime.datetime(2020, 5, 5, 21, 29, 20, 496734)]",ASUS-PC,PTT,[問卦] 歌詞有東踏取蜜的歌?,https://www.ptt.cc/bbs/Gossiping/M.1588679237.A.DA4.html
sodistrues (true),Gossiping,[問卦],Tue May  5 19:46:20 2020,PTTweb,"[datetime.datetime(2020, 5, 5, 21, 29, 20, 512334)]",ASUS-PC,PTT,[問卦]乃木坂在台灣開演唱會 都沒有白石麻衣？,https://www.ptt.cc/bbs/Gossiping/M.1588679182.A.595.html
LaAc (深淵戰士),Gossiping,[問卦],Tue May  5 19:46:46 2020,PTTweb,"[datetime.datetime(2020, 5, 5, 21, 29, 20, 527934)]",ASUS-PC,PTT,[問卦] 有人當過暴徒嗎,https://www.ptt.cc/bbs/Gossiping/M.1588679209.A.A78.html
YummyYummy (優米平方 好想吃大腸),Gossiping,[問卦],Tue May  5 19:45:27 2020,PTTweb,"[datetime.datetime(2020, 5, 5, 21, 29, 20, 543533)]",ASUS-PC,PTT,[問卦] 企鵝妹事件是要掩蓋什麼？,https://www.ptt.cc/bbs/Gossiping/M.1588679129.A.E66.html
adidas52088 (阿軒把醜話說在前頭，「),Gossiping,[問卦],Tue May  5 19:45:28 2020,PTTweb,"[datetime.datetime(2020, 5, 5, 21, 29, 20, 543533)]",ASUS-PC,PTT,[問卦] 客運坐在後面的女生在哭怎麼辦,https://www.ptt.cc/bbs/Gossiping/M.1588679130.A.4CC.html
tenoopy (拉拉),Gossiping,[新聞],Tue May  5 19:43:38 2020,PTTweb,"[datetime.datetime(2020, 5, 5, 21, 29, 20, 590333)]",ASUS-PC,PTT,[新聞] 張琍敏向陳菊道歉 總統府：公眾人物應負,https://www.ptt.cc/bbs/Gossiping/M.1588679020.A.0B4.html
jack8587 (Lebron James),Gossiping,[問卦],Tue May  5 19:42:50 2020,PTTweb,"[datetime.datetime(2020, 5, 5, 21, 29, 20, 605933)]",ASUS-PC,PTT,[問卦] 企鵝妹比小馮好太多了吧？,https://www.ptt.cc/bbs/Gossiping/M.1588678972.A.291.html
Moogle (( ′-`)灭條子),Gossiping,[新聞],Tue May  5 19:42:34 2020,PTTweb,"[datetime.datetime(2020, 5, 5, 21, 29, 20, 605933)]",ASUS-PC,PTT,[新聞] 口罩販賣機日慘賣24組　王世堅嗆柯：比,https://www.ptt.cc/bbs/Gossiping/M.1588678956.A.7B0.html
Goo4u (Goo4u),Gossiping,Re,Tue May  5 19:42:06 2020,PTTweb,"[datetime.datetime(2020, 5, 5, 21, 29, 20, 621533)]",ASUS-PC,PTT,Re: [新聞] 紓困變調…攤商日營收數萬 領完3萬補助爽,https://www.ptt.cc/bbs/Gossiping/M.1588678928.A.FDE.html
gyGirl (妹),Gossiping,[問卦],Tue May  5 19:39:04 2020,PTTweb,"[datetime.datetime(2020, 5, 5, 21, 29, 20, 895131)]",ASUS-PC,PTT,[問卦] 家管越嚴小孩是不是越容易變gay?,https://www.ptt.cc/bbs/Gossiping/M.1588678746.A.1B6.html
chenlimath (教育優先),Gossiping,Re,Tue May  5 19:39:31 2020,PTTweb,"[datetime.datetime(2020, 5, 5, 21, 29, 20, 900131)]",ASUS-PC,PTT,Re: [爆卦] 柯文哲IG ：嚴正關切 京華城大火...,https://www.ptt.cc/bbs/Gossiping/M.1588678773.A.383.html
jerrysuper (super),Gossiping,[問卦],Tue May  5 19:41:51 2020,PTTweb,"[datetime.datetime(2020, 5, 5, 21, 29, 20, 908131)]",ASUS-PC,PTT,[問卦] Ptt改成reddit介面是不是很難？,https://www.ptt.cc/bbs/Gossiping/M.1588678913.A.B57.html
a91153456 (追逐太陽的阿呆),Gossiping,[問卦],Tue May  5 19:40:08 2020,PTTweb,"[datetime.datetime(2020, 5, 5, 21, 29, 20, 913131)]",ASUS-PC,PTT,[問卦] 你覺得娶老婆的花費多少 算合理？,https://www.ptt.cc/bbs/Gossiping/M.1588678810.A.FDA.html
panmabu (),Gossiping,[新聞],Tue May  5 19:39:47 2020,PTTweb,"[datetime.datetime(2020, 5, 5, 21, 29, 20, 921131)]",ASUS-PC,PTT,[新聞] 竹南企業家林泉宗 再捐3.5萬兒童口罩助,https://www.ptt.cc/bbs/Gossiping/M.1588678790.A.F8F.html
Comebuy (三分鐘熱度),Gossiping,[新聞],Tue May  5 19:40:41 2020,PTTweb,"[datetime.datetime(2020, 5, 5, 21, 29, 20, 967331)]",ASUS-PC,PTT,[新聞] 漁船「肇事逃逸」弄沉釣白帶魚漁船 海巡1,https://www.ptt.cc/bbs/Gossiping/M.1588678844.A.741.html
monyan (monyan),Gossiping,Re,Tue May  5 19:39:22 2020,PTTweb,"[datetime.datetime(2020, 5, 5, 21, 29, 20, 967331)]",ASUS-PC,PTT,Re: [問卦] 道重沙由美現在在幹嘛啊?,https://www.ptt.cc/bbs/Gossiping/M.1588678766.A.B40.html
chen0625 (不知道要打什麼？),Gossiping,Re,Tue May  5 19:37:10 2020,PTTweb,"[datetime.datetime(2020, 5, 5, 21, 29, 20, 982931)]",ASUS-PC,PTT,Re: [新聞] 紓困變調…攤商日營收數萬 領完3萬補助爽,https://www.ptt.cc/bbs/Gossiping/M.1588678663.A.AD1.html
pchunters (POWER),Gossiping,[新聞],Tue May  5 19:36:40 2020,PTTweb,"[datetime.datetime(2020, 5, 5, 21, 29, 20, 982931)]",ASUS-PC,PTT,[新聞] 外國男「生殖器比較大」？《通靈》女星揭,https://www.ptt.cc/bbs/Gossiping/M.1588678603.A.B53.html
Nigger5566 (尼哥56),Gossiping,[問卦],Tue May  5 19:37:40 2020,PTTweb,"[datetime.datetime(2020, 5, 5, 21, 29, 20, 998531)]",ASUS-PC,PTT,[問卦] 為什麼新竹人要把鹹酥雞加到麵線裡,https://www.ptt.cc/bbs/Gossiping/M.1588678663.A.E84.html
werqq (sandy0980),Gossiping,[問卦],Tue May  5 19:34:56 2020,PTTweb,"[datetime.datetime(2020, 5, 5, 21, 29, 20, 998531)]",ASUS-PC,PTT,[問卦] 484不用發錢夜市就很熱鬧,https://www.ptt.cc/bbs/Gossiping/M.1588678498.A.428.html
inbanban (石更石旁石旁),Gossiping,[問卦],Tue May  5 19:35:45 2020,PTTweb,"[datetime.datetime(2020, 5, 5, 21, 29, 20, 998531)]",ASUS-PC,PTT,[問卦] 知道奧米加獸的人都幾歲了,https://www.ptt.cc/bbs/Gossiping/M.1588678547.A.A0B.html
LAPDSWAT456 (胖達稱霸地球),Gossiping,[問卦],Tue May  5 19:34:49 2020,PTTweb,"[datetime.datetime(2020, 5, 5, 21, 29, 21, 14131)]",ASUS-PC,PTT,[問卦] 許多法律人是不是希望恢復私刑？,https://www.ptt.cc/bbs/Gossiping/M.1588678491.A.CEB.html
takechance (dfs),Gossiping,[新聞],Tue May  5 19:34:47 2020,PTTweb,"[datetime.datetime(2020, 5, 5, 21, 29, 21, 29731)]",ASUS-PC,PTT,[新聞] 開放醫療用大麻？法務部：不影響二級毒品地位,https://www.ptt.cc/bbs/Gossiping/M.1588678489.A.0E4.html
Sibelius26 (SaM),Gossiping,Re,Tue May  5 19:34:41 2020,PTTweb,"[datetime.datetime(2020, 5, 5, 21, 29, 21, 76530)]",ASUS-PC,PTT,Re: [問卦] 上班不要看看到誰最想快轉,https://www.ptt.cc/bbs/Gossiping/M.1588678483.A.4C7.html
iasyt (iasyt),Gossiping,[新聞],Tue May  5 19:34:31 2020,PTTweb,"[datetime.datetime(2020, 5, 5, 21, 29, 21, 107730)]",ASUS-PC,PTT,[新聞] 罷韓團體批高市府反罷韓搞戒嚴 鄭照新︰,https://www.ptt.cc/bbs/Gossiping/M.1588678474.A.914.html
shiwenli (別哭),Gossiping,[問卦],Tue May  5 19:34:06 2020,PTTweb,"[datetime.datetime(2020, 5, 5, 21, 29, 21, 123330)]",ASUS-PC,PTT,[問卦] 爲什麼小黃司機不用紓困貸款就好？,https://www.ptt.cc/bbs/Gossiping/M.1588678448.A.122.html
FAYeeeeeeee (Fay),Gossiping,[問卦],Tue May  5 19:33:44 2020,PTTweb,"[datetime.datetime(2020, 5, 5, 21, 29, 21, 138930)]",ASUS-PC,PTT,[問卦] 金城武會買今晚的大樂透嗎？,https://www.ptt.cc/bbs/Gossiping/M.1588678427.A.818.html
nextpage (內湖亨利塚本),Gossiping,[問卦],Tue May  5 19:32:40 2020,PTTweb,"[datetime.datetime(2020, 5, 5, 21, 29, 21, 388528)]",ASUS-PC,PTT,[問卦] 現在我們是不是該關心某上過新聞企鵝粉?,https://www.ptt.cc/bbs/Gossiping/M.1588678362.A.14D.html
deitly (一萬光年的愛情),Gossiping,Re,Tue May  5 19:33:42 2020,PTTweb,"[datetime.datetime(2020, 5, 5, 21, 29, 21, 404128)]",ASUS-PC,PTT,Re: [新聞] 企鵝妹和「海格」訂婚？ 網：西方取精,https://www.ptt.cc/bbs/Gossiping/M.1588678424.A.A70.html
A816 (♥七瀬丸的灰太狼♥),Gossiping,[問卦],Tue May  5 19:33:05 2020,PTTweb,"[datetime.datetime(2020, 5, 5, 21, 29, 21, 404128)]",ASUS-PC,PTT,[問卦] 你有一張好陌生的臉,https://www.ptt.cc/bbs/Gossiping/M.1588678391.A.980.html
abcgo (真冷的冬天),Gossiping,[問卦],Tue May  5 19:33:34 2020,PTTweb,"[datetime.datetime(2020, 5, 5, 21, 29, 21, 419728)]",ASUS-PC,PTT,[問卦] 繳稅的是不是活該要去救濟不繳稅的？,https://www.ptt.cc/bbs/Gossiping/M.1588678416.A.3F3.html
jack97256 (大雷),Gossiping,[問卦],Tue May  5 19:32:59 2020,PTTweb,"[datetime.datetime(2020, 5, 5, 21, 29, 21, 419728)]",ASUS-PC,PTT,[問卦] 有沒有零負評的宗教,https://www.ptt.cc/bbs/Gossiping/M.1588678381.A.7A5.html
shuhao233 (代課你先),Gossiping,[爆卦],Tue May  5 19:32:34 2020,PTTweb,"[datetime.datetime(2020, 5, 5, 21, 29, 21, 482128)]",ASUS-PC,PTT,[爆卦] 廣東虎門，水床大橋的極致工藝,https://www.ptt.cc/bbs/Gossiping/M.1588678356.A.236.html
ezJapan (Japan),Gossiping,[問卦],Tue May  5 19:32:01 2020,PTTweb,"[datetime.datetime(2020, 5, 5, 21, 29, 21, 482128)]",ASUS-PC,PTT,[問卦] 肥宅都怎樣打發下班後到睡前的時間,https://www.ptt.cc/bbs/Gossiping/M.1588678324.A.88E.html
elec1141 (木村拓哉),Gossiping,[問卦],Tue May  5 19:30:56 2020,PTTweb,"[datetime.datetime(2020, 5, 5, 21, 29, 21, 544527)]",ASUS-PC,PTT,[問卦] 看完包青天就以為自己懂正義的人多嗎？,https://www.ptt.cc/bbs/Gossiping/M.1588678258.A.369.html
bbnewuser (越南台勞in Saigon),Gossiping,[問卦],Tue May  5 19:31:40 2020,PTTweb,"[datetime.datetime(2020, 5, 5, 21, 29, 21, 544527)]",ASUS-PC,PTT,[問卦] 骨髓的正確口語發音,https://www.ptt.cc/bbs/Gossiping/M.1588678302.A.167.html
Greedguilty (落合),Gossiping,[問卦],Tue May  5 19:31:47 2020,PTTweb,"[datetime.datetime(2020, 5, 5, 21, 29, 21, 560127)]",ASUS-PC,PTT,[問卦] 跳繩一分半鐘要跳幾下,https://www.ptt.cc/bbs/Gossiping/M.1588678309.A.828.html
a1973642000 (哪裡跌倒哪裡站起),Gossiping,[新聞],Tue May  5 19:30:37 2020,PTTweb,"[datetime.datetime(2020, 5, 5, 21, 29, 21, 560127)]",ASUS-PC,PTT,[新聞] 將電子煙納入校規！　教育部：高中以下,https://www.ptt.cc/bbs/Gossiping/M.1588678239.A.C9A.html
howard24 (howtw24),Gossiping,[問卦],Tue May  5 19:29:47 2020,PTTweb,"[datetime.datetime(2020, 5, 5, 21, 29, 21, 575727)]",ASUS-PC,PTT,[問卦] 現在還來的及上車台GG嗎,https://www.ptt.cc/bbs/Gossiping/M.1588678189.A.AA0.html
aresjung (騎著83匹馬的牛仔),Gossiping,Re,Tue May  5 19:30:02 2020,PTTweb,"[datetime.datetime(2020, 5, 5, 21, 29, 21, 575727)]",ASUS-PC,PTT,Re: [問卦] 摩門教是邪教嗎？,https://www.ptt.cc/bbs/Gossiping/M.1588678204.A.7A6.html
rodneytw (桂圓紅棗茶),Gossiping,[問卦],Tue May  5 19:31:18 2020,PTTweb,"[datetime.datetime(2020, 5, 5, 21, 29, 21, 591327)]",ASUS-PC,PTT,[問卦] 知道炸蝦的都幾歲了？,https://www.ptt.cc/bbs/Gossiping/M.1588678280.A.656.html
RikaShiguma (RikaShiguma),Gossiping,[新聞],Tue May  5 19:29:09 2020,PTTweb,"[datetime.datetime(2020, 5, 5, 21, 29, 21, 669327)]",ASUS-PC,PTT,[新聞]貨幣嚴重貶值 伊朗國會同意將鈔票砍掉4個0,https://www.ptt.cc/bbs/Gossiping/M.1588678151.A.BD4.html
hateOnas (老伴 你要不要紓困 ),Gossiping,Re,Tue May  5 19:29:29 2020,PTTweb,"[datetime.datetime(2020, 5, 5, 21, 29, 21, 669327)]",ASUS-PC,PTT,Re: [問卦] 基隆人請小心,https://www.ptt.cc/bbs/Gossiping/M.1588678172.A.941.html
aabbcc520 (U質文),Gossiping,[問卦],Tue May  5 19:27:21 2020,PTTweb,"[datetime.datetime(2020, 5, 5, 21, 29, 21, 684927)]",ASUS-PC,PTT,[問卦] 30處男如果有女友會希望女友怎麼穿出門,https://www.ptt.cc/bbs/Gossiping/M.1588678043.A.E2A.html
KINMENKING (亂世狂刀),Gossiping,Re,Tue May  5 19:28:53 2020,PTTweb,"[datetime.datetime(2020, 5, 5, 21, 29, 21, 684927)]",ASUS-PC,PTT,Re: [新聞] 高雄水情再創21年最枯紀錄 週四起啓動夜,https://www.ptt.cc/bbs/Gossiping/M.1588678136.A.75A.html
kumaHL (哭馬 <(￣︶￣)/),Gossiping,Re,Tue May  5 19:26:03 2020,PTTweb,"[datetime.datetime(2020, 5, 5, 21, 29, 21, 684927)]",ASUS-PC,PTT,Re: [問卦] 上班不要看看到誰最想快轉,https://www.ptt.cc/bbs/Gossiping/M.1588677965.A.3CC.html
iou861007 (中壢金城武),Gossiping,[問卦],Tue May  5 19:24:40 2020,PTTweb,"[datetime.datetime(2020, 5, 5, 21, 29, 21, 999525)]",ASUS-PC,PTT,[問卦] 別在討論企鵝了啦，來討論貓貓好嗎,https://www.ptt.cc/bbs/Gossiping/M.1588677882.A.8B9.html
d86249 (金羊),Gossiping,Re,Tue May  5 19:25:41 2020,PTTweb,"[datetime.datetime(2020, 5, 5, 21, 29, 21, 999525)]",ASUS-PC,PTT,Re: [問卦] 企鵝妹很重要嗎= =?,https://www.ptt.cc/bbs/Gossiping/M.1588677944.A.E6E.html
Aliensoul (八卦駐版外星人),Gossiping,Re,Tue May  5 19:23:18 2020,PTTweb,"[datetime.datetime(2020, 5, 5, 21, 29, 22, 15125)]",ASUS-PC,PTT,Re: [新聞] 紓困變調…攤商日營收數萬 領完3萬補助爽,https://www.ptt.cc/bbs/Gossiping/M.1588677801.A.CB5.html
EmeraldAZ (小穹控),Gossiping,[問卦],Tue May  5 19:24:34 2020,PTTweb,"[datetime.datetime(2020, 5, 5, 21, 29, 22, 15125)]",ASUS-PC,PTT,[問卦] 放假過後回崗位會很痛苦嗎(小穹陣線),https://www.ptt.cc/bbs/Gossiping/M.1588677876.A.76B.html
CavendishJr (卡文迪許jr),Gossiping,Re,Tue May  5 19:23:10 2020,PTTweb,"[datetime.datetime(2020, 5, 5, 21, 29, 22, 30725)]",ASUS-PC,PTT,Re: [問卦] 現實生活中真的有大家都誤會很厲害的人嗎,https://www.ptt.cc/bbs/Gossiping/M.1588677792.A.87C.html
cirin (Cook),Gossiping,[問卦],Tue May  5 19:25:08 2020,PTTweb,"[datetime.datetime(2020, 5, 5, 21, 29, 22, 46325)]",ASUS-PC,PTT,[問卦] 口罩可以那紓困為何沒有我OK你先領的卦?!,https://www.ptt.cc/bbs/Gossiping/M.1588677910.A.A3D.html
sayheyho (just say hate),Gossiping,[爆卦],Tue May  5 19:25:09 2020,PTTweb,"[datetime.datetime(2020, 5, 5, 21, 29, 22, 93124)]",ASUS-PC,PTT,[爆卦] 柯文哲IG ：嚴正關切 京華城大火...,https://www.ptt.cc/bbs/Gossiping/M.1588677913.A.8A8.html
sammoon (sam),Gossiping,[問卦],Tue May  5 19:22:44 2020,PTTweb,"[datetime.datetime(2020, 5, 5, 21, 29, 22, 139924)]",ASUS-PC,PTT,[問卦] 不知道按摩店是不是純的怎麼辦,https://www.ptt.cc/bbs/Gossiping/M.1588677766.A.00F.html
serenitymice (鹿津),Gossiping,[問卦],Tue May  5 19:20:57 2020,PTTweb,"[datetime.datetime(2020, 5, 5, 21, 29, 22, 155524)]",ASUS-PC,PTT,[問卦] 台獨仔是不是都沒有美術人材？,https://www.ptt.cc/bbs/Gossiping/M.1588677662.A.EDD.html
chen0625 (不知道要打什麼？),Gossiping,[問卦],Tue May  5 19:22:03 2020,PTTweb,"[datetime.datetime(2020, 5, 5, 21, 29, 22, 171124)]",ASUS-PC,PTT,[問卦] 哪些事是做了卻不敢讓人知道的?,https://www.ptt.cc/bbs/Gossiping/M.1588677726.A.549.html
fuxdk (負能量大師),Gossiping,Re,Tue May  5 19:21:55 2020,PTTweb,"[datetime.datetime(2020, 5, 5, 21, 29, 22, 186724)]",ASUS-PC,PTT,Re: [新聞] 口罩販賣機一天賣72組...囤貨2萬片　王世,https://www.ptt.cc/bbs/Gossiping/M.1588677719.A.E49.html
werqq (sandy0980),Gossiping,Re,Tue May  5 19:21:41 2020,PTTweb,"[datetime.datetime(2020, 5, 5, 21, 29, 22, 186724)]",ASUS-PC,PTT,Re: [新聞] 蘇貞昌一句紓困加碼 地方政府人仰馬翻,https://www.ptt.cc/bbs/Gossiping/M.1588677703.A.DB2.html
